time,open,high,low,close,volume
2022-03-07 20:00:00,158.42,159.3,158.4,158.75,143266
2022-03-07 19:00:00,158.35,158.72,158.02,158.36,87150
2022-03-07 18:00:00,158.57,158.64,158.25,158.35,127688
2022-03-07 17:00:00,159.31,159.52,158.49,158.58,4012100
2022-03-07 16:00:00,160.41,160.585,159.04,159.31,18530989
2022-03-07 15:00:00,161.155,161.68,160.19,160.4,8513918
2022-03-07 14:00:00,161.56,162.19,160.9,161.15,8654785
2022-03-07 13:00:00,163.06,163.08,161.3157,161.57,9788377
2022-03-07 12:00:00,162.37,164,162,163.0675,10662816
2022-03-07 11:00:00,162.65,162.94,161.38,162.37,12950016
2022-03-07 10:00:00,162.74,165.02,162.58,162.65,12043622
2022-03-07 9:00:00,162.01,162.9,161.05,162.7024,505672
2022-03-07 8:00:00,160.85,162.3,160.67,161.86,230930
2022-03-07 7:00:00,160,160.8,159.6,160.74,44883
2022-03-07 6:00:00,160.09,160.45,159.88,160,49665
2022-03-07 5:00:00,161.78,161.78,159.71,160.09,139777
2022-03-04 20:00:00,163.05,163.05,162.91,162.97,48590
2022-03-04 19:00:00,163.05,163.16,163,163.05,31317
2022-03-04 18:00:00,162.99,163.2399,162.92,163.05,39969
2022-03-04 17:00:00,163.17,164.07,162.87,163.0622,1784051
2022-03-04 16:00:00,162.611,163.53,162.13,163.22,14536296
2022-03-04 15:00:00,163.12,163.73,162.52,162.62,7793135
2022-03-04 14:00:00,163.7,164.465,163.032,163.12,7716322
2022-03-04 13:00:00,162.76,163.95,162.49,163.6948,10030662
2022-03-04 12:00:00,162.59,163.16,162.1,162.76,9786805
2022-03-04 11:00:00,165.04,165.3101,162.22,162.5801,14224555
2022-03-04 10:00:00,164.9,165.55,163.88,165.0399,9658820
2022-03-04 9:00:00,164.5001,165.9,164.12,164.89,1020414
2022-03-04 8:00:00,164.61,164.88,164.08,164.72,179037
2022-03-04 7:00:00,164.56,164.94,164.31,164.8,23582
2022-03-04 6:00:00,164.3,165,164.3,164.71,16557
2022-03-04 5:00:00,163.72,165.24,163.72,164.4,48241
2022-03-03 20:00:00,166.39,166.42,162.09,162.95,298297
2022-03-03 19:00:00,166.1001,166.39,165.95,166.35,61372
2022-03-03 18:00:00,166.34,166.35,165.9,166.08,130898
2022-03-03 17:00:00,166.23,166.42,166.01,166.35,3192698
2022-03-03 16:00:00,166.68,166.74,165.55,166.2882,12544975
2022-03-03 15:00:00,167.36,167.91,166.58,166.685,6713332
2022-03-03 14:00:00,167.1,167.8,166.88,167.3693,6375350
2022-03-03 13:00:00,166.82,168.44,166.09,167.11,9018592
2022-03-03 12:00:00,166.02,167.02,165.73,166.83,9275758
2022-03-03 11:00:00,168.065,168.4,166.0101,166.03,11264210
2022-03-03 10:00:00,167.8599,168.91,167.5199,168.06,11235321
2022-03-03 9:00:00,166.77,167.96,166.144,167.86,1266393
2022-03-03 8:00:00,166.23,166.78,166.21,166.53,75862
2022-03-03 7:00:00,166.3,166.79,165.93,166.16,15956
2022-03-03 6:00:00,166.41,166.41,166.02,166.28,7635
2022-03-03 5:00:00,166.35,166.46,165.92,166.41,12362
2022-03-02 20:00:00,166.32,166.54,166.21,166.36,44886
2022-03-02 19:00:00,166.1,166.33,166.07,166.3,25904
2022-03-02 18:00:00,166.16,166.25,165.99,166.05,24344
2022-03-02 17:00:00,166.56,166.56,165.95,166.19,1518220
2022-03-02 16:00:00,166.75,167.36,166.4,166.54,12609372
2022-03-02 15:00:00,166.72,167.25,166.6,166.755,6662414
2022-03-02 14:00:00,166.2,167,166,166.7029,6186919
2022-03-02 13:00:00,165.88,166.725,165.71,166.1972,8414194
2022-03-02 12:00:00,164.61,166.47,164.17,165.89,13114781
2022-03-02 11:00:00,164.05,165.18,162.95,164.595,13428441
2022-03-02 10:00:00,163.66,164.69,163.05,164.0432,8451654
2022-03-02 9:00:00,164.5199,164.9,163.23,163.65,554700
2022-03-02 8:00:00,164.43,164.6,163.65,163.9,125677
2022-03-02 7:00:00,164.05,164.72,164.05,164.49,20028
2022-03-02 6:00:00,163.87,164.74,163.6,164.1,20206
2022-03-02 5:00:00,165,165,162.56,163.8,26822
2022-03-01 20:00:00,163.72,163.8,163.4,163.74,53745
2022-03-01 19:00:00,163.33,163.73,163.21,163.72,65697
2022-03-01 18:00:00,163.4,163.45,163.21,163.31,24987
2022-03-01 17:00:00,163.2,163.97,163.2,163.424,1307659
2022-03-01 16:00:00,162.725,163.89,161.97,163.18,15021612
2022-03-01 15:00:00,162.9981,163.51,162.57,162.72,7607975
2022-03-01 14:00:00,164.1,164.4,162.51,162.9925,7817790
2022-03-01 13:00:00,163.585,164.4,163.0213,164.11,7795921
2022-03-01 12:00:00,165.17,165.75,163.31,163.58,10422009
2022-03-01 11:00:00,165.75,166.6,164.945,165.16,13773156
2022-03-01 10:00:00,164.7,166.51,164.36,165.73,12189803
2022-03-01 9:00:00,163.95,165.532,163.58,164.7,665644
2022-03-01 8:00:00,163.58,164.32,163.57,163.95,142829
2022-03-01 7:00:00,163.85,164.05,163.2,163.52,13069
2022-03-01 6:00:00,163.78,164.1,163.28,164.1,18328
2022-03-01 5:00:00,164.74,165.01,163.76,163.76,22379
2022-02-28 20:00:00,165.26,165.3,164.75,164.8,57669
2022-02-28 19:00:00,164.76,165.37,164.73,165.31,93350
2022-02-28 18:00:00,165,165.18,164.74,164.76,36212
2022-02-28 17:00:00,165.12,165.2,164.6,164.95,4043222
2022-02-28 16:00:00,163.42,165.4,162.64,165.13,16882704
2022-02-28 15:00:00,164.26,164.26,162.43,163.43,8758340
2022-02-28 14:00:00,164.1,164.9488,163.77,164.26,6936566
2022-02-28 13:00:00,164.96,165.23,163.71,164.1052,8478746
2022-02-28 12:00:00,164.86,165.42,164.6,164.96,8834121
2022-02-28 11:00:00,164.74,165.14,163.19,164.84,12405795
2022-02-28 10:00:00,163.01,164.81,162.78,164.74,11083985
2022-02-28 9:00:00,162.9,163.8,161.1,163.03,1231615
2022-02-28 8:00:00,162.7,163.8,162.52,162.98,266164
2022-02-28 7:00:00,162.6,162.86,162.3,162.7,43017
2022-02-28 6:00:00,162.41,162.68,161.99,162.59,11058
2022-02-28 5:00:00,163.18,163.28,161.36,162.42,86268
2022-02-25 20:00:00,164.4,164.45,164.15,164.34,57269
2022-02-25 19:00:00,164.55,164.6,164.33,164.4,51221
2022-02-25 18:00:00,164.89,164.89,164.42,164.55,136251
2022-02-25 17:00:00,164.85,165,164.7,164.88,2220050
2022-02-25 16:00:00,164.43,165.12,163.98,164.87,16884901
2022-02-25 15:00:00,164.555,165.01,164.02,164.425,8539158
2022-02-25 14:00:00,164.075,165.01,163.48,164.55,9565798
2022-02-25 13:00:00,164.58,164.84,163.85,164.075,8981855
2022-02-25 12:00:00,163.15,164.65,162.82,164.5725,12268388
2022-02-25 11:00:00,161.24,163.54,160.8738,163.155,14786224
2022-02-25 10:00:00,164.04,164.35,161.12,161.26,11980414
2022-02-25 9:00:00,162.41,164.74,161,164.13,984033
2022-02-25 8:00:00,162.1,163.8,162,163.49,173206
2022-02-25 7:00:00,162.01,162.71,161.33,162.2,54620
2022-02-25 6:00:00,161.85,162.28,161.74,162.07,32231
2022-02-25 5:00:00,162.79,162.79,160.53,161.82,53110
2022-02-24 20:00:00,160.99,162.5,160.96,161.25,143994
2022-02-24 19:00:00,161.95,161.95,160.75,160.98,141824
2022-02-24 18:00:00,162.28,162.74,161.91,162.16,134868
2022-02-24 17:00:00,162.74,162.74,161.25,162.17,3533220
2022-02-24 16:00:00,160.5,162.85,157.48,162.77,20032534
2022-02-24 15:00:00,158.83,160.91,158.29,160.49,12097932
2022-02-24 14:00:00,157.16,159.93,156.91,158.84,10484501
2022-02-24 13:00:00,158.43,158.83,156.7,157.18,11235885
2022-02-24 12:00:00,156.91,158.68,155.12,158.44,14127719
2022-02-24 11:00:00,156.48,157.8,154.96,156.91,23423355
2022-02-24 10:00:00,153.82,156.91,151.9,156.4829,28809286
2022-02-24 9:00:00,155.1001,156.5,152.75,153.8,3921400
2022-02-24 8:00:00,155.83,155.98,152.85,153.58,1246620
2022-02-24 7:00:00,155,155.91,154.13,155.83,250258
2022-02-24 6:00:00,155.51,156.06,154.71,154.83,194536
2022-02-24 5:00:00,158.1,158.1,155,155.59,251306
2022-02-23 20:00:00,160.33,160.49,159.1,159.21,203677
2022-02-23 19:00:00,159.93,160.56,159.7,160.32,180879
2022-02-23 18:00:00,159.93,160.07,159.57,159.81,162588
2022-02-23 17:00:00,160.07,160.83,159.91,160,6118850
2022-02-23 16:00:00,160.955,161.07,159.75,160.17,22180728
2022-02-23 15:00:00,162.2,162.435,160.685,160.96,9629368
2022-02-23 14:00:00,163.3,163.3,161.82,162.205,7824106
2022-02-23 13:00:00,163.84,164.47,163.19,163.3,6176102
2022-02-23 12:00:00,163.45,163.99,162.77,163.84,8366912
2022-02-23 11:00:00,164.52,164.66,163.31,163.4585,9600681
2022-02-23 10:00:00,165.84,166.15,164.39,164.525,10197909
2022-02-23 9:00:00,165.4899,166.49,165.38,165.87,878429
2022-02-23 8:00:00,165.28,166.02,165.22,165.94,102297
2022-02-23 7:00:00,165.52,165.56,165.08,165.27,16934
2022-02-23 6:00:00,166,166,165.42,165.62,20705
2022-02-23 5:00:00,166,166.24,165.8,165.98,51616
2022-02-22 20:00:00,165.43,165.47,165.13,165.45,47598
2022-02-22 19:00:00,164.98,165.47,164.82,165.26,59124
2022-02-22 18:00:00,164.65,165.04,164.57,165.02,50404
2022-02-22 17:00:00,164.32,165.47,164.32,164.6,4527151
2022-02-22 16:00:00,164.21,165.3586,163.45,164.3,15004839
2022-02-22 15:00:00,162.93,164.47,162.15,164.2,13038020
2022-02-22 14:00:00,164.12,164.365,162.73,162.935,7621778
2022-02-22 13:00:00,164.68,165.045,163.9,164.1,7087257
2022-02-22 12:00:00,164.67,165.32,164.41,164.695,9305278
2022-02-22 11:00:00,165.72,166.69,164.5703,164.66,11687291
2022-02-22 10:00:00,165.9023,166.5,163.85,165.71,14599878
2022-02-22 9:00:00,165.5109,167.718,160,165.9,1450848
2022-02-22 8:00:00,165.92,166.48,165.3,166.18,276533
2022-02-22 7:00:00,166,166.15,165.5,165.9,29102
2022-02-22 6:00:00,163.84,166.6,163.71,165.99,100366
2022-02-22 5:00:00,166,166,162.24,163.84,191364
2022-02-18 20:00:00,166.49,166.53,166.3,166.5,39934
2022-02-18 19:00:00,166.81,166.88,166.32,166.47,52934
2022-02-18 18:00:00,167.41,167.42,166.8,166.8,120615
2022-02-18 17:00:00,167.42,167.56,167.13,167.39,3689558
2022-02-18 16:00:00,168.29,168.6556,166.76,167.6,14427830
2022-02-18 15:00:00,167.06,168.66,167.03,168.2901,8751225
2022-02-18 14:00:00,166.67,167.3,166.19,167.07,8281941
2022-02-18 13:00:00,167.29,168.0711,166.63,166.67,10227810
2022-02-18 12:00:00,168.04,168.36,167.21,167.3,8269487
2022-02-18 11:00:00,169.02,169.1154,167.67,168.06,9586580
2022-02-18 10:00:00,169.36,170.5413,167.97,169.01,11809733
2022-02-18 9:00:00,169.9899,170.99,168.67,169.49,388796
2022-02-18 8:00:00,169.8,170.07,169.76,169.9,66842
2022-02-18 7:00:00,169.99,170.1,169.61,169.8,22185
2022-02-18 6:00:00,169.8,170.05,169.6,169.89,16273
2022-02-18 5:00:00,169.84,169.91,169.58,169.78,16014
2022-02-17 20:00:00,169.05,169.11,168.52,168.84,66882
2022-02-17 19:00:00,168.95,169.15,168.75,169.06,73843
2022-02-17 18:00:00,169.03,169.11,168.81,168.95,67200
2022-02-17 17:00:00,168.88,171.580464,168.8,169.03,2922311
2022-02-17 16:00:00,169.51,169.54,168.47,168.92,15118925
2022-02-17 15:00:00,170.4299,170.43,169.31,169.51,7296336
2022-02-17 14:00:00,170.99,171.055,170.19,170.43,5290562
2022-02-17 13:00:00,171.205,171.2614,170.755,170.99,5161360
2022-02-17 12:00:00,171.34,171.6,171,171.2,6062555
2022-02-17 11:00:00,171.2,171.91,170.84,171.3401,11099104
2022-02-17 10:00:00,171.1,172.55,170.74,171.2006,7534862
2022-02-17 9:00:00,171.7701,172.19,170.9,171.1,607785
2022-02-17 8:00:00,171.5,172,171.42,171.9,64556
2022-02-17 7:00:00,171.45,171.5,171.42,171.5,2194
2022-02-17 6:00:00,171.45,171.6,171.4,171.58,5923
2022-02-17 5:00:00,172,172,171.29,171.42,21801
2022-02-16 20:00:00,172.11,172.3,172,172.17,36833
2022-02-16 19:00:00,172.35,172.55,172.09,172.12,38879
2022-02-16 18:00:00,172.16,172.55,172.16,172.3,97992
2022-02-16 17:00:00,172.55,172.63,172,172.13,3765791
2022-02-16 16:00:00,172.8721,173.34,172.31,172.55,11135319
2022-02-16 15:00:00,170.7691,172.88,170.54,172.88,10053862
2022-02-16 14:00:00,170.67,170.895,170.545,170.78,3177478
2022-02-16 13:00:00,171.1,171.41,170.18,170.675,4885737
2022-02-16 12:00:00,171.05,171.19,170.35,171.105,6147722
2022-02-16 11:00:00,170.575,171.22,170.265,171.04,7788037
2022-02-16 10:00:00,172.05,172.8612,170.05,170.575,9063286
2022-02-16 9:00:00,172.6899,173.221,171.88,172.06,515588
2022-02-16 8:00:00,172.71,172.74,171.95,172,95568
2022-02-16 7:00:00,172.5,172.7,172.35,172.7,7062
2022-02-16 6:00:00,172.5,172.54,172,172.54,12270
2022-02-16 5:00:00,173.05,173.2,171.99,172.7,27782
2022-02-15 20:00:00,172.25,172.3,171.88,171.9,105959
2022-02-15 19:00:00,172.37,172.4,172.2,172.22,24647
2022-02-15 18:00:00,172.26,172.79,172.25,172.28,1635355
2022-02-15 17:00:00,172.79,172.96,172.22,172.3,1651052
2022-02-15 16:00:00,171.99,172.95,171.72,172.8,12433710
2022-02-15 15:00:00,171.77,172.27,171.38,171.985,5659396
2022-02-15 14:00:00,170.57,172.04,170.53,171.77,5864726
2022-02-15 13:00:00,171.52,171.65,170.34,170.5699,6117816
2022-02-15 12:00:00,171.19,171.72,171.02,171.521,6173927
2022-02-15 11:00:00,170.89,171.36,170.48,171.18,8591676
2022-02-15 10:00:00,171.05,171.4506,170.25,170.88,9025004
2022-02-15 9:00:00,171.93,172.03,168.88,171.05,529611
2022-02-15 8:00:00,171.74,172.03,171.52,171.81,189494
2022-02-15 7:00:00,171.65,172.16,171.55,171.82,43940
2022-02-15 6:00:00,171.25,171.7,171.01,171.58,36790
2022-02-15 5:00:00,168.9,171.56,168.9,171.19,64693
2022-02-14 20:00:00,169.14,169.19,168.63,168.87,50909
2022-02-14 19:00:00,168.7,169.1,168.7,169,46303
2022-02-14 18:00:00,168.78,168.88,168.6,168.65,22437
2022-02-14 17:00:00,168.88,168.95,168.66,168.75,4574377
2022-02-14 16:00:00,168.16,169.39,167.72,169.13,16476667
2022-02-14 15:00:00,166.9,168.56,166.56,168.16,9299868
2022-02-14 14:00:00,169.28,169.58,166.87,166.89,7123231
2022-02-14 13:00:00,168.88,169.48,168.72,169.28,5395032
2022-02-14 12:00:00,167.89,169.2,167.78,168.875,8376026
2022-02-14 11:00:00,168.42,168.75,167.57,167.885,11146460
2022-02-14 10:00:00,167.55,169,166.86,168.435,10164491
2022-02-14 9:00:00,166.22,168.45,165.92,167.51,800213
2022-02-14 8:00:00,166.49,168.4,166,168.01,505728
2022-02-14 7:00:00,166.22,166.75,165.87,166.49,89271
2022-02-14 6:00:00,165.88,166.6,165.62,166.39,56887
2022-02-14 5:00:00,168.2,168.2,165.25,166,158667
2022-02-11 20:00:00,168.36,168.47,168.1,168.2,78919
2022-02-11 19:00:00,168.68,168.74,168.37,168.42,37724
2022-02-11 18:00:00,168.6,168.78,168.58,168.7,41769
2022-02-11 17:00:00,168.64,169.3,168.32,168.6,10135274
2022-02-11 16:00:00,168.84,169.7,168.04,168.43,18244258
2022-02-11 15:00:00,169.14,170,168.29,168.82,13801566
2022-02-11 14:00:00,171.51,171.85,168.89,169.15,11667469
2022-02-11 13:00:00,171.78,172.2,171.35,171.515,6173178
2022-02-11 12:00:00,172.09,172.56,171.3,171.79,7564825
2022-02-11 11:00:00,171.82,172.695,171.03,172.0899,12363649
2022-02-11 10:00:00,172.47,173.08,171.62,171.8287,10437370
2022-02-11 9:00:00,171.2801,172.74,171.19,172.5,517528
2022-02-11 8:00:00,171.12,172.26,171.12,171.98,157852
2022-02-11 7:00:00,171.31,171.31,170.74,171.06,16593
2022-02-11 6:00:00,170.99,171.4,170.99,171.4,16372
2022-02-11 5:00:00,171.18,171.55,170.76,170.96,34860
2022-02-10 20:00:00,171.83,171.98,171.5,171.79,107103
2022-02-10 19:00:00,172.19,172.37,171.82,171.82,170501
2022-02-10 18:00:00,172.22,172.26,172.02,172.19,2101388
2022-02-10 17:00:00,172.12,172.43,171.81,172.22,3827981
2022-02-10 16:00:00,172.83,173.14,171.55,172.295,15001179
2022-02-10 15:00:00,173.43,173.58,172.52,172.83,8591287
2022-02-10 14:00:00,174.09,174.52,172.37,173.44,9384557
2022-02-10 13:00:00,174.8501,175.06,173.32,174.1,8774160
2022-02-10 12:00:00,174.415,175.01,173.79,174.8475,10282923
2022-02-10 11:00:00,175.09,175.48,174.28,174.405,11469993
2022-02-10 10:00:00,174.25,175.3899,173.75,175.08,11935727
2022-02-10 9:00:00,175.97,176.27,174,174.25,923753
2022-02-10 8:00:00,175.6,175.99,175.6,175.94,67747
2022-02-10 7:00:00,175.52,175.6,175.5,175.51,11584
2022-02-10 6:00:00,175.65,175.68,175.55,175.55,3216
2022-02-10 5:00:00,175.75,175.75,175.39,175.68,18494
2022-02-09 20:00:00,176.14,176.23,175.92,176,39080
2022-02-09 19:00:00,176.4,176.45,176.14,176.14,20653
2022-02-09 18:00:00,176.44,176.59,176.28,176.4001,4625877
2022-02-09 17:00:00,176.22,176.48,175.3865,176.4499,2048513
2022-02-09 16:00:00,175.67,176.33,174.9,176.28,13368757
2022-02-09 15:00:00,175.6091,176.12,175.59,175.67,5630579
2022-02-09 14:00:00,175.82,175.92,175.435,175.6,4764915
2022-02-09 13:00:00,175.43,175.88,175.25,175.815,5447105
2022-02-09 12:00:00,175.7845,175.98,175.2,175.4248,7322676
2022-02-09 11:00:00,175.25,176.1699,175.18,175.7838,9729276
2022-02-09 10:00:00,176.32,176.65,175.0805,175.24,10708075
2022-02-09 9:00:00,176.3805,176.76,175,176.3,837421
2022-02-09 8:00:00,176.3,176.69,175.95,176.57,185212
2022-02-09 7:00:00,176.01,176.45,175.93,176.34,37703
2022-02-09 6:00:00,175.79,176.1,175.79,176.05,40904
2022-02-09 5:00:00,175.35,176,175.35,175.83,26359
2022-02-08 20:00:00,175.25,175.25,174.8,175.17,39550
2022-02-08 19:00:00,174.8,175.35,174.78,175.22,45965
2022-02-08 18:00:00,174.75,174.89,174.73,174.76,1220674
2022-02-08 17:00:00,174.83,175.09,174.48,174.75,1775394
2022-02-08 16:00:00,173.9416,175.35,173.635,174.82,14139505
2022-02-08 15:00:00,174.585,174.81,173.73,173.94,6762964
2022-02-08 14:00:00,174.65,174.795,174.121,174.5852,6762165
2022-02-08 13:00:00,173.88,175.2779,173.69,174.65,10089236
2022-02-08 12:00:00,172.675,174.2,172.67,173.875,9369282
2022-02-08 11:00:00,172.06,172.86,171.43,172.67,9327000
2022-02-08 10:00:00,171.79,172.42,171.5,172.06,9045740
2022-02-08 9:00:00,171.7999,172.32,171.4,171.8,378127
2022-02-08 8:00:00,171.7,171.85,171.37,171.8,133159
2022-02-08 7:00:00,172.1,172.2,171.44,171.69,30684
2022-02-08 6:00:00,171.82,172.4,171.66,172.2,15805
2022-02-08 5:00:00,172.16,172.35,171.82,171.85,13194
2022-02-07 20:00:00,172.4,172.5,172.1,172.4,56612
2022-02-07 19:00:00,172.42,172.58,172.2,172.43,42086
2022-02-07 18:00:00,172,172.57,171.66,172.31,2404737
2022-02-07 17:00:00,171.66,172.16,171.66,172.01,5201754
2022-02-07 16:00:00,172.6016,173.04,170.95,171.71,11048942
2022-02-07 15:00:00,172.6186,172.83,171.97,172.605,5057396
2022-02-07 14:00:00,171.86,172.72,171.74,172.6099,4943439
2022-02-07 13:00:00,172.06,172.44,171.53,171.87,5887044
2022-02-07 12:00:00,173,173.19,171.73,172.065,10471362
2022-02-07 11:00:00,173.45,173.9458,172.82,172.995,9264702
2022-02-07 10:00:00,173.25,173.94,172.39,173.43,15119096
2022-02-07 9:00:00,172.9,173.7,172.35,173.22,2203372
2022-02-07 8:00:00,172.69,173.34,172.59,173.3,124756
2022-02-07 7:00:00,172.2,172.81,172.16,172.74,7115
2022-02-07 6:00:00,172.43,172.91,172.2,172.2,16845
2022-02-07 5:00:00,172.39,172.68,171.8,172.44,36221
2022-02-04 20:00:00,172.52,172.55,172.4,172.5,21286
2022-02-04 19:00:00,172.6,172.6,172.51,172.55,25440
2022-02-04 18:00:00,172.49,172.66,172.39,172.6,1513758
2022-02-04 17:00:00,172.34,172.55,172.02,172.51,2962284
2022-02-04 16:00:00,173.23,174.1,172.22,172.32,11523654
2022-02-04 15:00:00,173.34,173.5,172.52,173.225,7182241
2022-02-04 14:00:00,172.47,173.73,172.46,173.33,7942960
2022-02-04 13:00:00,172.0618,172.61,171.675,172.47,6548970
2022-02-04 12:00:00,171.23,172.62,170.81,172.053,9438854
2022-02-04 11:00:00,172.18,172.92,171.02,171.23,13693057
2022-02-04 10:00:00,170.45,172.3795,170.02,172.19,11085435
2022-02-04 9:00:00,172.8601,173.18,170.29,170.32,1122031
2022-02-04 8:00:00,171.86,173.18,171.72,173.11,301318
2022-02-04 7:00:00,172.85,172.87,171.49,171.65,59875
2022-02-04 6:00:00,173.51,173.51,172.48,172.51,74801
2022-02-04 5:00:00,174.38,174.38,173.55,173.55,46928
2022-02-03 20:00:00,174.25,174.3,173.9901,174.17,109326
2022-02-03 19:00:00,173.95,174.35,173.9,174.2,84243
2022-02-03 18:00:00,174.07,174.39,172.9,174,2108043
2022-02-03 17:00:00,172.9,174.41,172.79,174.11,3711627
2022-02-03 16:00:00,174.4715,174.94,172.12,173,17453426
2022-02-03 15:00:00,175.51,175.81,174.31,174.47,7206389
2022-02-03 14:00:00,175.29,176.03,174.88,175.515,6154397
2022-02-03 13:00:00,174.57,175.465,174.28,175.29,7082209
2022-02-03 12:00:00,175.265,176.03,174.55,174.58,8246212
2022-02-03 11:00:00,174.76,176.2399,174.39,175.26,13238660
2022-02-03 10:00:00,173.67,175.29,173.23,174.7506,9619591
2022-02-03 9:00:00,173.9789,174.5398,173.5,173.68,2584696
2022-02-03 8:00:00,174.23,174.58,173.56,174.21,315060
2022-02-03 7:00:00,173.78,174.4,173.46,174.32,63179
2022-02-03 6:00:00,173.8,173.95,173.64,173.66,21625
2022-02-03 5:00:00,173.9,175,173.68,173.68,76665
2022-02-02 20:00:00,173.51,175.84,173.5,173.75,119471
2022-02-02 19:00:00,174.48,174.81,173.45,173.54,195102
2022-02-02 18:00:00,174.76,175.84,174.1,174.35,7784799
2022-02-02 17:00:00,175.84,175.84,174,174.81,4892464
2022-02-02 16:00:00,175.06,175.88,174.86,175.83,13408111
2022-02-02 15:00:00,174.7791,175.37,174.29,175.0626,7253803
2022-02-02 14:00:00,175.02,175.05,174.3,174.77,5119167
2022-02-02 13:00:00,174.3638,175.05,174.06,175.0202,6541086
2022-02-02 12:00:00,174.69,174.88,173.33,174.365,8974307
2022-02-02 11:00:00,174.71,175.56,174.33,174.69,12063646
2022-02-02 10:00:00,174.61,175.47,173.94,174.7,10645161
2022-02-02 9:00:00,174.9033,175.24,174.53,174.67,1970300
2022-02-02 8:00:00,174.96,175.23,174.75,175.11,238527
2022-02-02 7:00:00,174.66,175.1,174.41,174.94,38374
2022-02-02 6:00:00,175.31,175.31,174.61,174.71,26014
2022-02-02 5:00:00,174.19,175.32,174.11,175.32,82279
2022-02-01 20:00:00,174.28,174.59,174.12,174.45,87875
2022-02-01 19:00:00,174.32,174.32,173.95,174.3,82034
2022-02-01 18:00:00,174.59,174.61,174.25,174.31,145052
2022-02-01 17:00:00,174.57,174.98,173.97,174.5901,6857593
2022-02-01 16:00:00,173.1712,174.84,173.1099,174.61,14204827
2022-02-01 15:00:00,173.08,173.33,172.51,173.17,7420147
2022-02-01 14:00:00,173.38,173.38,172.58,173.073,5590639
2022-02-01 13:00:00,174.205,174.2599,172.98,173.39,7023385
2022-02-01 12:00:00,173.73,174.435,173.5,174.21,9573280
2022-02-01 11:00:00,173.28,173.75,172.35,173.74,12422881
2022-02-01 10:00:00,174.94,174.97,172.31,173.3088,13817692
2022-02-01 9:00:00,174.4999,175.31,174.34,174.94,1888802
2022-02-01 8:00:00,174.22,175.23,174.2,175.05,271221
2022-02-01 7:00:00,174.37,174.48,174.02,174.26,36456
2022-02-01 6:00:00,174.17,174.69,174.1,174.25,35233
2022-02-01 5:00:00,174.5,175.38,174.02,174.5,71681
2022-01-31 20:00:00,174.48,174.5,174.2,174.4,75556
2022-01-31 19:00:00,174.19,174.49,174.19,174.48,66276
2022-01-31 18:00:00,174.35,174.4,174.05,174.17,109389
2022-01-31 17:00:00,174.78,174.96,174.2,174.35,4305491
2022-01-31 16:00:00,173.49,175,172.77,174.8,21967221
2022-01-31 15:00:00,173.28,173.74,173.155,173.4801,8488229
2022-01-31 14:00:00,172.98,173.545,172.7,173.28,7970433
2022-01-31 13:00:00,173.3,173.335,172.35,172.9708,8763276
2022-01-31 12:00:00,173.07,173.58,172.38,173.295,11053758
2022-01-31 11:00:00,172.53,173.62,172.27,173.08,18673820
2022-01-31 10:00:00,170.57,172.9,169.51,172.52,17979359
2022-01-31 9:00:00,170.55,170.86,169.63,170.57,2226716
2022-01-31 8:00:00,170.69,170.85,169.63,170.3,397512
2022-01-31 7:00:00,170.49,170.82,170.21,170.61,80428
2022-01-31 6:00:00,171.5,171.57,170.08,170.33,216928
2022-01-31 5:00:00,170.7,172.01,170.7,171.55,95595
2022-01-28 20:00:00,170.47,170.82,170.33,170.7,159754
2022-01-28 19:00:00,170.35,170.53,170.34,170.48,96580
2022-01-28 18:00:00,170.03,170.55,169.99,170.35,3751761
2022-01-28 17:00:00,170.33,170.33,169.95,170.02,3873931
2022-01-28 16:00:00,167.83,170.35,167.73,170.3499,31522152
2022-01-28 15:00:00,168.44,168.76,166.52,167.835,15202032
2022-01-28 14:00:00,168.11,168.86,167.73,168.45,12018613
2022-01-28 13:00:00,168.77,169.14,167.71,168.12,16038674
2022-01-28 12:00:00,166.84,168.77,166.62,168.77,24196680
2022-01-28 11:00:00,164.48,166.85,164.01,166.84,27279468
2022-01-28 10:00:00,163.99,166.865,162.8,164.4501,31572961
2022-01-28 9:00:00,165.4501,165.79,161.86,164,3549405
2022-01-28 8:00:00,165.5,165.94,162.8,163.39,1257325
2022-01-28 7:00:00,165.68,165.76,164.29,165.4,240050
2022-01-28 6:00:00,165.99,166,165.02,165.67,203915
2022-01-28 5:00:00,167.8,167.8,165.75,165.91,243651
2022-01-27 20:00:00,166.7,167.3,165.75,167.25,662671
2022-01-27 19:00:00,167.2001,168.38,166.41,166.7,1392120
2022-01-27 18:00:00,165.65,168,159.22,167.29,4833442
2022-01-27 17:00:00,159.22,166,157.5,165.17,9961557
2022-01-27 16:00:00,159.375,159.97,158.28,159.2,21163564
2022-01-27 15:00:00,159.77,160.65,158.77,159.37,12505961
2022-01-27 14:00:00,160.9,161.14,158.59,159.7899,13280862
2022-01-27 13:00:00,162.689,162.705,160.08,160.905,13422355
2022-01-27 12:00:00,162.96,163.39,162.18,162.67,11320265
2022-01-27 11:00:00,163.08,163.81,161.68,162.97,14601865
2022-01-27 10:00:00,162.02,163.84,161.7,163.07,13139557
2022-01-27 9:00:00,160.9999,162.06,159.321,162.03,889133
2022-01-27 8:00:00,161,161.7,160.51,161.56,256210
2022-01-27 7:00:00,159.65,161.1,159.52,161,61137
2022-01-27 6:00:00,160.8,161.3,159.33,159.53,53830
2022-01-27 5:00:00,160.33,160.92,159.28,160.92,83654
2022-01-26 20:00:00,161.64,161.67,160.35,160.4999,163647
2022-01-26 19:00:00,161.03,161.89,160.77,161.66,218630
2022-01-26 18:00:00,160.25,161.47,160.1,161,174705
2022-01-26 17:00:00,159.75,160.42,159,160.27,5117222
2022-01-26 16:00:00,160.54,160.54,157.82,159.75,22934165
2022-01-26 15:00:00,162.78,164.3894,159.08,160.5201,21006111
2022-01-26 14:00:00,163.25,163.555,162.57,162.78,7807839
2022-01-26 13:00:00,162.8454,163.5499,162.72,163.2434,7788504
2022-01-26 12:00:00,162.2,163.13,161.77,162.8371,8422705
2022-01-26 11:00:00,162.14,162.95,161.36,162.19,13759762
2022-01-26 10:00:00,163.3,163.9,161.59,162.1501,12330493
2022-01-26 9:00:00,162.8999,163.98,159.381,163.3,1001942
2022-01-26 8:00:00,163.29,163.43,162.45,163.34,325099
2022-01-26 7:00:00,162.89,163.51,162.83,163.46,58920
2022-01-26 6:00:00,163,163.29,162.59,162.86,59229
2022-01-26 5:00:00,161.53,163.41,161.53,162.94,101905
2022-01-25 20:00:00,160,160.36,159.51,160.03,174532
2022-01-25 19:00:00,157.98,160.72,157.98,159.98,543844
2022-01-25 18:00:00,157.49,157.95,157.3,157.95,159573
2022-01-25 17:00:00,159.91,160.37,157.01,157.42,11858637
2022-01-25 16:00:00,162.47,162.555,159.39,159.88,18699073
2022-01-25 15:00:00,160.49,162.76,159.83,162.475,14769432
2022-01-25 14:00:00,158.36,160.531,157.92,160.4927,9467251
2022-01-25 13:00:00,157.35,158.96,157.135,158.35,9726273
2022-01-25 12:00:00,158.41,158.95,157.22,157.34,11500179
2022-01-25 11:00:00,157.64,159.79,157.02,158.41,15619182
2022-01-25 10:00:00,158.57,161.6976,157.27,157.62,13307199
2022-01-25 9:00:00,158.35,158.86,157.25,158.61,775707
2022-01-25 8:00:00,158.59,158.8,157.72,158.27,249404
2022-01-25 7:00:00,158.83,159.46,157.84,158.6,75016
2022-01-25 6:00:00,159.98,160,158.6,158.99,54713
2022-01-25 5:00:00,159.75,160.37,158.2,160,98604
2022-01-24 20:00:00,161.13,161.62,159.32,159.75,227266
2022-01-24 19:00:00,161.4399,161.4399,160.52,161.07,114338
2022-01-24 18:00:00,161.75,161.79,160.98,161.44,120381
2022-01-24 17:00:00,161.62,162.11,160.81,161.73,6685103
2022-01-24 16:00:00,157.84,162.3,157.25,162.19,22441147
2022-01-24 15:00:00,158.83,159.58,156.02,157.84,15841829
2022-01-24 14:00:00,156.95,158.89,156.78,158.83,15236224
2022-01-24 13:00:00,157.19,157.42,154.7,156.95,21375245
2022-01-24 12:00:00,158.46,158.72,156.38,157.2,20156758
2022-01-24 11:00:00,159.29,160.1303,157.64,158.47,23356395
2022-01-24 10:00:00,159.37,161.08,158.5,159.28,23736610
2022-01-24 9:00:00,160.5201,161.7,158.9,159.4001,1925502
2022-01-24 8:00:00,161.62,162.11,160.01,160.27,490735
2022-01-24 7:00:00,161.36,162.25,160.7,161.71,123942
2022-01-24 6:00:00,162.33,162.33,160.12,161.4,258658
2022-01-24 5:00:00,162.27,163.17,162.27,162.52,99968
2022-01-21 20:00:00,161.66,161.76,161.5,161.62,125229
2022-01-21 19:00:00,162.1,162.1001,161.62,161.77,100032
2022-01-21 18:00:00,162.48,162.5,161.81,162.14,192345
2022-01-21 17:00:00,162.4,162.69,162.39,162.45,2919695
2022-01-21 16:00:00,163.1195,163.885,162.3,162.41,23350868
2022-01-21 15:00:00,163.765,164.3299,163.06,163.11,10631081
2022-01-21 14:00:00,163.95,164.78,163.35,163.765,9726120
2022-01-21 13:00:00,164.42,164.67,163.25,163.96,10234773
2022-01-21 12:00:00,165.17,166.33,164.02,164.44,14939980
2022-01-21 11:00:00,163.54,165.84,162.96,165.16,20490089
2022-01-21 9:00:00,163.46,163.795,162.73,163.3,880646
2022-01-21 8:00:00,163.67,163.9,162.83,163.03,300987
2022-01-21 7:00:00,164.28,164.28,163.19,163.7,114100
2022-01-21 6:00:00,163.89,164.5,163.79,164.28,72893
2022-01-21 5:00:00,163.52,163.97,162.65,163.87,161783
2022-01-20 20:00:00,163.49,163.83,162.95,163.05,116714
2022-01-20 19:00:00,162.79,163.83,162.65,163.49,243588
2022-01-20 18:00:00,163.38,164.51,162.69,162.8,847819
2022-01-20 17:00:00,164.51,167.4329,162.25,163.4,6599518
2022-01-20 16:00:00,166.66,166.97,164.18,164.52,20275923
2022-01-20 15:00:00,167.4388,167.91,166.32,166.66,9711241
2022-01-20 14:00:00,168.64,168.64,167.15,167.4167,8200669
2022-01-20 13:00:00,169.11,169.25,166.85,168.645,7502044
2022-01-20 12:00:00,169.23,169.5498,168.78,169.11,9190075
2022-01-20 11:00:00,168.87,169.68,168.47,169.229,11623660
2022-01-20 10:00:00,167.14,168.92,166.76,168.88,11322972
2022-01-20 9:00:00,167.2501,167.35,165.815,167.14,961686
2022-01-20 8:00:00,167.16,167.3,166.41,166.88,195932
2022-01-20 7:00:00,167.1,167.47,167.1,167.22,30135
2022-01-20 6:00:00,167.01,167.12,166.8,166.88,24926
2022-01-20 5:00:00,166.53,167.15,166.2,167.05,64471
2022-01-19 20:00:00,165.46,166.1,165.46,165.72,140939
2022-01-19 19:00:00,165.75,165.99,165.31,165.46,102581
2022-01-19 18:00:00,165.74,165.85,165.57,165.7301,92741
2022-01-19 17:00:00,166.23,166.23,165.01,165.75,6054854
2022-01-19 16:00:00,167.95,168.2699,165.94,166.21,16946395
2022-01-19 15:00:00,168.44,168.66,167.54,167.95,9329640
2022-01-19 14:00:00,169.08,169.45,168.37,168.45,7987957
2022-01-19 13:00:00,168.33,169.62,168.33,169.08,8642121
2022-01-19 12:00:00,168.9,169.2485,167.32,168.33,14368811
2022-01-19 11:00:00,170.95,171.08,168.64,168.895,13360393
2022-01-19 10:00:00,170.76,170.98,169.28,170.9315,10957384
2022-01-19 9:00:00,170.3001,170.88,169.95,170.72,522647
2022-01-19 8:00:00,170.27,170.35,169.87,170.24,102440
2022-01-19 7:00:00,170.43,170.5,170,170.25,16150
2022-01-19 6:00:00,170.16,170.35,170.08,170.35,18930
2022-01-19 5:00:00,169.3,170.1,169.3,170.1,61302
2022-01-18 20:00:00,169.54,169.65,169.3101,169.3101,89172
2022-01-18 19:00:00,169.91,170.25,169.5,169.5,88746
2022-01-18 18:00:00,170.21,170.21,169.8,169.92,62749
2022-01-18 17:00:00,169.8,170.25,169.7,170.21,5265226
2022-01-18 16:00:00,170.5701,170.77,169.405,169.83,14911745
2022-01-18 15:00:00,170.33,170.79,170.01,170.57,7056379
2022-01-18 14:00:00,169.75,170.44,169.57,170.345,9351304
2022-01-18 13:00:00,171.14,171.28,169.6,169.76,8365717
2022-01-18 12:00:00,171.1,171.22,170.2,171.1244,9116417
2022-01-18 11:00:00,171.11,172.32,170.79,171.0801,11508991
2022-01-18 10:00:00,170.65,172.54,170.52,171.11,12877026
2022-01-18 9:00:00,170.4171,173.07,170,170.67,1778348
2022-01-18 8:00:00,170.23,170.89,170,170.6,319080
2022-01-18 7:00:00,170.15,170.3,169.65,170.1,38016
2022-01-18 6:00:00,170.39,170.73,170.01,170.16,30974
2022-01-18 5:00:00,170.85,170.89,169.62,170.21,93421
2022-01-14 20:00:00,173.24,173.3,173.06,173.3,50991
2022-01-14 19:00:00,173.2,173.24,173.1,173.2,23376
2022-01-14 18:00:00,173.31,173.32,173.07,173.19,35482
2022-01-14 17:00:00,173.07,173.38,173.02,173.33,3167687
2022-01-14 16:00:00,172.06,173.28,171.99,173.07,11273600
2022-01-14 15:00:00,172.07,172.58,171.78,172.07,6373296
2022-01-14 14:00:00,171.425,172.24,171.09,172.0811,7363264
2022-01-14 13:00:00,172.71,172.92,171.3039,171.425,7126613
2022-01-14 12:00:00,172.34,172.94,171.26,172.705,10333283
2022-01-14 11:00:00,173.37,173.78,171.68,172.3359,12328195
2022-01-14 10:00:00,170.93,173.51,170.76,173.3609,14273220
2022-01-14 9:00:00,172.0046,172.31,170.3,170.93,626569
2022-01-14 8:00:00,172.11,172.3,170.32,170.4,262125
2022-01-14 7:00:00,172.41,172.5,171.88,172,13889
2022-01-14 6:00:00,172.85,172.9,172.02,172.44,29299
2022-01-14 5:00:00,172.2,172.94,172.2,172.7,26748
2022-01-13 20:00:00,172.31,172.46,172,172.1,96333
2022-01-13 19:00:00,172.29,172.38,172.2,172.33,359258
2022-01-13 18:00:00,172.25,172.37,172.19,172.25,1539868
2022-01-13 17:00:00,172.28,172.6,171.95,172.23,3228535
2022-01-13 16:00:00,173.38,173.53,171.79,172.32,15727500
2022-01-13 15:00:00,173.885,174.2,173.16,173.37,7058532
2022-01-13 14:00:00,173.29,173.99,172.98,173.8862,7231098
2022-01-13 13:00:00,175.36,175.545,172.82,173.2991,10448897
2022-01-13 12:00:00,175.41,175.48,174.53,175.365,8547718
2022-01-13 11:00:00,176.02,176.18,174.7,175.43,12992434
2022-01-13 10:00:00,175.62,176.62,175.55,176.02,9385169
2022-01-13 9:00:00,175.09,175.75,175.08,175.59,437494
2022-01-13 8:00:00,175.17,175.5,174.42,175.35,71395
2022-01-13 7:00:00,175.41,175.56,175.01,175.3,13620
2022-01-13 6:00:00,175.3,175.62,175.3,175.4,22627
2022-01-13 5:00:00,175.3,175.48,175.12,175.3,26489
2022-01-12 20:00:00,175.13,175.22,174.14,175.1,64703
2022-01-12 19:00:00,175.31,175.44,175.15,175.2,38546
2022-01-12 18:00:00,175.41,175.45,175.3,175.35,41693
2022-01-12 17:00:00,175.53,175.7,175.36,175.41,4202731
2022-01-12 16:00:00,175.5,175.94,175.08,175.61,10330346
2022-01-12 15:00:00,175.565,176.02,175.22,175.4999,5794308
2022-01-12 14:00:00,176.24,176.275,175.47,175.57,5696592
2022-01-12 13:00:00,175.84,176.39,175.31,176.24,6935872
2022-01-12 12:00:00,175.64,176.255,174.82,175.83,10824684
2022-01-12 11:00:00,176.33,177.18,175.3,175.6475,14634804
2022-01-12 10:00:00,176.78,176.88,175.3,176.32,11358375
2022-01-12 9:00:00,175.35,176.78,175.2,176.76,683491
2022-01-12 8:00:00,175.63,175.7,175.2,175.64,126671
2022-01-12 7:00:00,176,176,175.76,175.76,16832
2022-01-12 6:00:00,175.86,176.04,175.55,175.97,32104
2022-01-12 5:00:00,174.65,175.89,174.65,175.82,48668
2022-01-11 20:00:00,175.07,175.25,175.06,175.25,76822
2022-01-11 19:00:00,175.04,175.12,175,175.1,29339
2022-01-11 18:00:00,175.13,175.13,175.01,175.08,19031
2022-01-11 17:00:00,175.08,175.13,174.94,175.13,2071085
2022-01-11 16:00:00,174.8398,175.18,174.4,175.09,11676609
2022-01-11 15:00:00,174.4899,175.105,173.87,174.8399,6687632
2022-01-11 14:00:00,174.26,174.77,173.74,174.485,4951321
2022-01-11 13:00:00,174.84,175.035,172.59,174.2599,7821789
2022-01-11 12:00:00,171.545,174.98,171.49,174.83,14535433
2022-01-11 11:00:00,171.6,172.63,170.97,171.53,11943021
2022-01-11 10:00:00,172.44,172.7,170.82,171.56,10172276
2022-01-11 9:00:00,173.6299,173.65,172.34,172.47,527681
2022-01-11 8:00:00,173.56,173.65,173.02,173.05,118713
2022-01-11 7:00:00,173.98,173.98,173.12,173.56,63590
2022-01-11 6:00:00,173.79,174.08,173.6,173.93,27309
2022-01-11 5:00:00,172.75,173.95,172.39,173.76,50622
2022-01-10 20:00:00,172.76,172.95,172.19,172.9,66538
2022-01-10 19:00:00,172.53,172.85,172.32,172.72,59981
2022-01-10 18:00:00,172.47,172.56,169.38,172.56,1946480
2022-01-10 17:00:00,172.19,172.67,169.49,172.46,4476170
2022-01-10 16:00:00,170.7,172.5,169.9701,172.19,15920580
2022-01-10 15:00:00,171.16,171.66,170.35,170.69,9237887
2022-01-10 14:00:00,169.64,171.45,169.53,171.16,10442222
2022-01-10 13:00:00,169.07,170.135,168.29,169.66,9262563
2022-01-10 12:00:00,168.7,170.02,168.45,169.075,11079500
2022-01-10 11:00:00,169.46,169.72,168.17,168.6932,16333777
2022-01-10 10:00:00,169.21,171.73,168.68,169.53,17503935
2022-01-10 9:00:00,171.0999,171.77,169,169.23,1101058
2022-01-10 8:00:00,171.62,171.78,170,170,281139
2022-01-10 7:00:00,171.75,171.84,171.4,171.66,46151
2022-01-10 6:00:00,172.4,172.5,171.64,171.78,32999
2022-01-10 5:00:00,172.22,172.55,172.15,172.47,32208
2022-01-07 20:00:00,172.01,172.15,171.96,172.07,47499
2022-01-07 19:00:00,171.86,172.1,171.82,172.01,41574
2022-01-07 18:00:00,172.01,172.04,171.76,171.87,54511
2022-01-07 17:00:00,172.17,172.18,171.74,172,3384797
2022-01-07 16:00:00,173.09,173.6881,171.9,172.22,14160487
2022-01-07 15:00:00,172.2982,173.1,171.87,173.095,6869354
2022-01-07 14:00:00,172.285,172.6,172.05,172.29,10555221
2022-01-07 13:00:00,172.52,172.63,171.76,172.2808,6100976
2022-01-07 12:00:00,171.44,172.72,171.05,172.52,9518020
2022-01-07 11:00:00,173.72,173.78,171.03,171.4312,13500743
2022-01-07 10:00:00,171.61,174.14,171.47,173.72,12527086
2022-01-07 9:00:00,172.75,173.72,171.31,171.61,2041122
2022-01-07 8:00:00,172.85,173.09,172.4,172.42,128773
2022-01-07 7:00:00,172.72,173.3,172.57,172.82,39212
2022-01-07 6:00:00,172.3,172.83,172.16,172.71,22632
2022-01-07 5:00:00,171.5,172.46,171.31,172.22,46880
2022-01-06 20:00:00,172.6,172.93,172.58,172.9,69731
2022-01-06 19:00:00,172.35,172.69,172.28,172.6,94017
2022-01-06 18:00:00,172.23,172.42,172,172.35,296199
2022-01-06 17:00:00,172,172.32,171.93,172.17,6512963
2022-01-06 16:00:00,172.89,173.38,171.64,172.01,15851286
2022-01-06 15:00:00,173.37,173.71,172.76,172.8985,7050363
2022-01-06 14:00:00,172.8981,173.42,172.6932,173.38,6322586
2022-01-06 13:00:00,172.98,173.66,172.58,172.89,8299629
2022-01-06 12:00:00,173.55,174.24,172.74,172.985,10634092
2022-01-06 11:00:00,173.95,174.3,172.17,173.5399,18282580
2022-01-06 10:00:00,173.53,175.3,172.1,173.979,15297692
2022-01-06 9:00:00,173.5901,173.82,172.81,173.5599,2044815
2022-01-06 8:00:00,173.6,173.84,172.87,173.13,329621
2022-01-06 7:00:00,173.99,174.25,173.16,173.55,76327
2022-01-06 6:00:00,174.11,174.64,173.88,173.89,83471
2022-01-06 5:00:00,174.78,175.08,173.76,174,121611
2022-01-05 20:00:00,175.07,175.35,174.75,175.07,138122
2022-01-05 19:00:00,174.69,175.08,174.08,175.06,176701
2022-01-05 18:00:00,174.92,174.92,174.4,174.7,168129
2022-01-05 17:00:00,174.88,179.7958,174.43,174.43,4249965
2022-01-05 16:00:00,176.51,176.84,174.64,174.835,23593774
2022-01-05 15:00:00,178.0482,178.72,176.1,176.505,15290245
2022-01-05 14:00:00,178.3345,178.55,177.67,178.04,6767301
2022-01-05 13:00:00,178.801,179.25,178.25,178.3472,7222861
2022-01-05 12:00:00,178.74,179.431,178.53,178.81,7008915
2022-01-05 11:00:00,179.28,179.48,177.97,178.725,10866403
2022-01-05 10:00:00,179.4,180.17,177.56,179.29,11292286
2022-01-05 9:00:00,179.34,179.65,178.77,179.35,383108
2022-01-05 8:00:00,179.47,179.67,179.13,179.26,98909
2022-01-05 7:00:00,179.6,179.6,179.34,179.4,17216
2022-01-05 6:00:00,179.76,180.24,179.59,179.6,17747
2022-01-05 5:00:00,179.52,179.8,179.32,179.64,31368
2022-01-04 20:00:00,179.35,179.39,179.25,179.33,59708
2022-01-04 19:00:00,179.5,179.55,179.34,179.35,34817
2022-01-04 18:00:00,179.48,179.7,179.45,179.47,43371
2022-01-04 17:00:00,179.7,179.75,179.4,179.47,3229677
2022-01-04 16:00:00,180,180.5,179.62,179.69,12233602
2022-01-04 15:00:00,179.4588,180.18,179.31,180,6998288
2022-01-04 14:00:00,179.3276,179.98,179.12,179.4516,8252083
2022-01-04 13:00:00,179.815,180.37,179.2,179.325,8837386
2022-01-04 12:00:00,181.02,181.05,179.47,179.815,15558314
2022-01-04 11:00:00,182.27,182.6799,180.97,181.01,17036947
2022-01-04 10:00:00,182.74,182.94,181.49,182.27,13532324
2022-01-04 9:00:00,183.0499,183.13,182.3304,182.77,544841
2022-01-04 8:00:00,183.05,183.14,182.32,182.75,220277
2022-01-04 7:00:00,183.24,183.37,183.02,183.08,46667
2022-01-04 6:00:00,182.89,183.38,182.82,183.28,63195
2022-01-04 5:00:00,182.22,182.95,182.1,182.87,57197
2022-01-03 20:00:00,181.93,182,181.75,181.99,67364
2022-01-03 19:00:00,182.12,182.19,181.9,181.91,126002
2022-01-03 18:00:00,182.13,182.2,182.01,182.11,1272703
2022-01-03 17:00:00,182.01,182.3,181.7,182.14,12807538
2022-01-03 16:00:00,181.87,182.2,181.195,182,14155461
2022-01-03 15:00:00,182.3742,182.465,181.66,181.88,8618122
2022-01-03 14:00:00,181.6904,182.88,181.64,182.365,10617102
2022-01-03 13:00:00,181.47,182.1675,181.075,181.69,8211396
2022-01-03 12:00:00,180.95,181.77,180.39,181.47,10835835
2022-01-03 11:00:00,180.46,181.43,180.2713,180.96,15504230
2022-01-03 10:00:00,177.64,180.93,177.5,180.45,14794636
2022-01-03 9:00:00,178.37,178.48,177.57,177.65,440026
2022-01-03 8:00:00,178.46,178.5,178.09,178.22,103317
2022-01-03 7:00:00,178.17,178.46,178.16,178.45,39121
2022-01-03 6:00:00,178.08,178.22,177.99,178.17,45629
2022-01-03 5:00:00,178.26,178.34,177.76,178.08,60937
2021-12-31 20:00:00,177.6,177.75,177.5,177.7,20203
2021-12-31 19:00:00,177.55,177.69,177.5,177.6,21204
2021-12-31 18:00:00,177.48,177.57,177.48,177.55,1724150
2021-12-31 17:00:00,177.57,177.8,177.45,177.5,2398637
2021-12-31 16:00:00,177.61,178.27,177.44,177.61,15054984
2021-12-31 15:00:00,177.55,177.75,177.29,177.605,5774299
2021-12-31 14:00:00,177.56,177.91,177.355,177.55,5145342
2021-12-31 13:00:00,177.71,177.84,177.26,177.56,5412896
2021-12-31 12:00:00,178.3908,178.43,177.64,177.705,5462116
2021-12-31 11:00:00,177.89,178.5899,177.32,178.395,8841616
2021-12-31 10:00:00,178.26,179.23,177.72,177.88,6935153
2021-12-31 9:00:00,177.8902,178.35,177.72,178.26,385867
2021-12-31 8:00:00,177.75,178.24,177.71,178.03,45022
2021-12-31 7:00:00,177.8,177.99,177.8,177.83,3093
2021-12-31 6:00:00,177.91,177.91,177.8,177.8,1715
2021-12-31 5:00:00,177.98,178.13,177.76,177.9,7418
2021-12-30 20:00:00,178.22,178.25,177.12,177.65,87828
2021-12-30 19:00:00,178,178.22,177.98,178.22,46489
2021-12-30 18:00:00,178.12,178.12,177.91,177.98,144119
2021-12-30 17:00:00,178.2,178.38,178.1,178.12,1339267
2021-12-30 16:00:00,179.2458,179.305,178.09,178.25,10761085
2021-12-30 15:00:00,179.28,179.3481,178.66,179.24,6163299
2021-12-30 14:00:00,179.83,179.8599,179.16,179.285,6263217
2021-12-30 13:00:00,179.8,179.96,179.53,179.8358,4547773
2021-12-30 12:00:00,180.01,180.1599,179.59,179.805,6841586
2021-12-30 11:00:00,179.53,180.57,179.49,180.005,12585409
2021-12-30 10:00:00,179.61,179.928,178.89,179.5285,8080647
2021-12-30 9:00:00,179.6899,179.94,179.5,179.6,396874
2021-12-30 8:00:00,179.89,179.98,179.62,179.68,108328
2021-12-30 7:00:00,179.75,180,179.64,179.9,22717
2021-12-30 6:00:00,179.77,179.8,179.68,179.75,7726
2021-12-30 5:00:00,179.4,179.88,179.36,179.77,18426
2021-12-29 20:00:00,179.01,179.05,178.87,178.88,50142
2021-12-29 19:00:00,179.25,179.28,179.01,179.01,37216
2021-12-29 18:00:00,179.26,179.26,179.16,179.1701,27794
2021-12-29 17:00:00,179.38,179.52,179.2,179.26,1970457
2021-12-29 16:00:00,179.56,179.8,179.35,179.38,9505704
2021-12-29 15:00:00,179.12,179.6434,178.98,179.57,5068294
2021-12-29 14:00:00,179.33,179.4745,179.01,179.13,4521085
2021-12-29 13:00:00,179.0769,179.3672,178.675,179.325,5133083
2021-12-29 12:00:00,179.82,179.94,178.85,179.075,7748370
2021-12-29 11:00:00,180.31,180.37,178.14,179.825,13221067
2021-12-29 10:00:00,179.27,180.63,179.25,180.32,9824104
2021-12-29 9:00:00,179.4399,179.738,179.02,179.27,595836
2021-12-29 8:00:00,179.47,179.63,179.2,179.42,141060
2021-12-29 7:00:00,179.48,179.5,179.25,179.29,12312
2021-12-29 6:00:00,179.72,179.72,179.45,179.5,14007
2021-12-29 5:00:00,179.85,180.1,179.55,179.68,32073
2021-12-28 20:00:00,179.78,179.85,179.63,179.85,53875
2021-12-28 19:00:00,179.49,179.82,179.48,179.77,68599
2021-12-28 18:00:00,179.55,179.6,179.45,179.45,33113
2021-12-28 17:00:00,179.29,179.69,179.2,179.54,1967242
2021-12-28 16:00:00,179.5,179.82,179.14,179.39,11224537
2021-12-28 15:00:00,179.74,179.75,179.07,179.5,6849823
2021-12-28 14:00:00,179.48,180.03,179.28,179.7556,6510966
2021-12-28 13:00:00,180.52,180.66,179.28,179.49,8967042
2021-12-28 12:00:00,179.89,181.33,179.6901,180.52,14438679
2021-12-28 11:00:00,179.99,180.16,178.53,179.9,12397836
2021-12-28 10:00:00,180.23,180.43,178.9,179.98,11324242
2021-12-28 9:00:00,180.8399,181.03,180.19,180.21,703386
2021-12-28 8:00:00,180.77,181.07,180.65,180.89,160625
2021-12-28 7:00:00,181.07,181.13,180.75,180.85,31830
2021-12-28 6:00:00,181.1,181.25,181,181.2,25793
2021-12-28 5:00:00,180.25,181.16,180.24,181.12,65517
2021-12-27 20:00:00,180.1,180.11,179.8,179.8,85875
2021-12-27 19:00:00,180.3,180.34,177.74,180.11,55919
2021-12-27 18:00:00,180.25,180.5,180.25,180.3,593260
2021-12-27 17:00:00,180.33,180.55,180.14,180.2594,3181315
2021-12-27 16:00:00,179.91,180.42,179.56,180.33,12048115
2021-12-27 15:00:00,179.89,180.23,179.535,179.91,8313765
2021-12-27 14:00:00,179.25,179.97,179.07,179.895,7281283
2021-12-27 13:00:00,178.84,179.3699,178.78,179.25,7923966
2021-12-27 12:00:00,178.455,178.87,178.17,178.836,7912001
2021-12-27 11:00:00,177.3,178.47,177.13,178.4599,11078783
2021-12-27 10:00:00,177.09,178.47,176.9,177.2889,10774131
2021-12-27 9:00:00,176.47,177.31,176.365,177.07,614333
2021-12-27 8:00:00,176.43,177.07,176.39,176.95,97198
2021-12-27 7:00:00,176.46,176.46,176.38,176.44,5405
2021-12-27 6:00:00,176,176.64,176,176.4,23288
2021-12-27 5:00:00,176.4,176.41,175.88,176,43947
2021-12-23 20:00:00,176.03,176.5,175.85,176.32,99370
2021-12-23 19:00:00,175.98,176.06,175.95,176.02,43125
2021-12-23 18:00:00,176.02,176.02,175.9,175.99,1205965
2021-12-23 17:00:00,176.28,176.28,175.77,176.02,2351644
2021-12-23 16:00:00,176.5,176.8499,175.97,176.29,12253363
2021-12-23 15:00:00,175.99,176.6414,175.76,176.49,6680182
2021-12-23 14:00:00,176.26,176.34,175.99,175.99,4042758
2021-12-23 13:00:00,176.18,176.31,175.795,176.255,7186301
2021-12-23 12:00:00,176.48,176.51,175.67,176.18,7528129
2021-12-23 11:00:00,175.8884,176.54,175.75,176.47,10464050
2021-12-23 10:00:00,175.92,176.28,175.27,175.89,11032475
2021-12-23 9:00:00,176.19,176.35,175.7,175.94,708577
2021-12-23 8:00:00,176.19,176.3,176.1,176.24,94295
2021-12-23 7:00:00,176.28,176.4,176.12,176.19,35317
2021-12-23 6:00:00,176.08,176.37,176.04,176.33,22734
2021-12-23 5:00:00,175.7,176.11,175.65,176.02,27659
2021-12-22 20:00:00,175.84,176,172.99,175.98,90731
2021-12-22 19:00:00,175.84,175.85,175.71,175.82,48909
2021-12-22 18:00:00,175.78,175.84,175.64,175.81,224015
2021-12-22 17:00:00,175.64,175.95,175.58,175.81,8279900
2021-12-22 16:00:00,174.52,175.86,174.36,175.63,14676198
2021-12-22 15:00:00,174.11,174.59,173.48,174.52,8625961
2021-12-22 14:00:00,174.51,174.75,173.77,174.1099,6823409
2021-12-22 13:00:00,174.13,174.61,174,174.5268,7921359
2021-12-22 12:00:00,174.47,174.4967,173.56,174.12,9737811
2021-12-22 11:00:00,173.73,174.525,172.89,174.48,16289676
2021-12-22 10:00:00,172.8,174.04,172.15,173.72,12129527
2021-12-22 9:00:00,172.56,173,172.22,172.8,387482
2021-12-22 8:00:00,172.9,173.07,172.5,172.56,158096
2021-12-22 7:00:00,172.79,173.1,172.52,172.94,32308
2021-12-22 6:00:00,172.09,172.79,172,172.79,19772
2021-12-22 5:00:00,172.29,172.48,171.91,172.09,26973
2021-12-21 20:00:00,172.6,172.72,172.53,172.58,37005
2021-12-21 19:00:00,172.98,172.98,172.6,172.6,1258790
2021-12-21 18:00:00,172.96,173.08,172.89,173.03,3983980
2021-12-21 17:00:00,172.99,173.14,170.82,172.92,2605331
2021-12-21 16:00:00,172.94,173.2,172.191,172.98,13198900
2021-12-21 15:00:00,171.25,173.03,171.1901,172.9382,10786859
2021-12-21 14:00:00,171,171.315,170.66,171.24,7140955
2021-12-21 13:00:00,170.74,171.54,170.46,170.995,8431243
2021-12-21 12:00:00,169.84,171.25,169.82,170.735,10618106
2021-12-21 11:00:00,170.34,170.96,169.12,169.85,13515030
2021-12-21 10:00:00,172.43,172.5,170.02,170.3311,12813692
2021-12-21 9:00:00,171.5201,172.49,169.75,169.75,676569
2021-12-21 8:00:00,171.51,172.33,171.4,172.15,212405
2021-12-21 7:00:00,170.85,171.74,170.85,171.52,55717
2021-12-21 6:00:00,170.97,171.18,170.64,170.85,55969
2021-12-21 5:00:00,171.84,171.84,170.93,171,54608
2021-12-20 20:00:00,171.36,171.38,170.84,171.04,103529
2021-12-20 19:00:00,170.15,171.38,170.15,171.36,102666
2021-12-20 18:00:00,170.27,170.28,169.75,170.15,940850
2021-12-20 17:00:00,169.75,170.45,169.5,170.25,7791290
2021-12-20 16:00:00,169.95,170.43,169.09,169.88,15553379
2021-12-20 15:00:00,169.76,170.29,169.36,169.95,8796651
2021-12-20 14:00:00,169.03,170.07,168.82,169.76,8561914
2021-12-20 13:00:00,169.535,170.58,168.89,169.025,11606980
2021-12-20 12:00:00,168.39,169.69,167.95,169.5421,12889706
2021-12-20 11:00:00,169.55,169.58,167.7201,168.391,17023937
2021-12-20 10:00:00,167.95,169.95,167.46,169.55,15371066
2021-12-20 9:00:00,168.4999,168.8292,167.5,167.93,979727
2021-12-20 8:00:00,168.39,168.79,167.81,167.81,359201
2021-12-20 7:00:00,167.9,168.5,167.71,168.38,81883
2021-12-20 6:00:00,167.77,167.99,167.45,167.91,65850
2021-12-20 5:00:00,167.98,168.49,167.05,167.7,124989
2021-12-17 20:00:00,171.5,172.26,171.46,171.89,177488
2021-12-17 19:00:00,171.39,171.55,171.14,171.46,431244
2021-12-17 18:00:00,171.5,171.56,171.35,171.37,875965
2021-12-17 17:00:00,171.14,171.54,171.1,171.49,12715647
2021-12-17 16:00:00,172.32,172.8,170.5,170.97,20414634
2021-12-17 15:00:00,172.45,173.09,171.66,172.33,12939792
2021-12-17 14:00:00,170.81,172.47,170.47,172.4516,13110626
2021-12-17 13:00:00,171,171.32,169.86,170.81,13613797
2021-12-17 12:00:00,172.51,173.47,170.3551,171.03,21989936
2021-12-17 11:00:00,171.9401,172.81,169.76,172.52,21939784
2021-12-17 10:00:00,170.39,173.07,169.55,171.9401,29094812
2021-12-17 9:00:00,170.6906,171,169.13,170.39,1176632
2021-12-17 8:00:00,171,171,169.14,169.4,501207
2021-12-17 7:00:00,170.3,171,170.3,170.95,40420
2021-12-17 6:00:00,170.96,170.97,170.2,170.25,44677
2021-12-17 5:00:00,171.66,171.66,170.03,170.98,95478
2021-12-16 20:00:00,171.3,172.2599,171.25,172.12,122946
2021-12-16 19:00:00,171.64,171.88,171.02,171.3,149978
2021-12-16 18:00:00,172.35,172.3799,171.48,171.62,469924
2021-12-16 17:00:00,172.26,172.57,171,172.34,2423639
2021-12-16 16:00:00,171.59,173.87,170.75,172.25,29141101
2021-12-16 15:00:00,173.6,173.79,170.8,171.5909,20253531
2021-12-16 14:00:00,173.15,174.44,173.15,173.595,10297608
2021-12-16 13:00:00,174.78,175.32,173.12,173.1552,14819805
2021-12-16 12:00:00,175.78,175.79,174.24,174.79,14506258
2021-12-16 11:00:00,176.53,179.15,174.53,175.7826,27076375
2021-12-16 10:00:00,179.74,181.14,176.5,176.52,20121237
2021-12-16 9:00:00,180.7,180.84,178.852,179.73,1150220
2021-12-16 8:00:00,180.64,180.9,180.01,180.18,399737
2021-12-16 7:00:00,180.83,181.25,180.6,180.7,127997
2021-12-16 6:00:00,180.59,180.92,180.52,180.84,44262
2021-12-16 5:00:00,180.55,180.68,180.14,180.57,87442
2021-12-15 20:00:00,180,180.08,179.7,179.72,194950
2021-12-15 19:00:00,179.88,180.3,179.3,180,221920
2021-12-15 18:00:00,179.56,179.95,179.3,179.88,3644515
2021-12-15 17:00:00,179.3,179.79,179.24,179.56,5320180
2021-12-15 16:00:00,177.8301,179.5,177.76,179.3,25297759
2021-12-15 15:00:00,173.46,178.27,172.4,177.84,32114701
2021-12-15 14:00:00,173.43,173.82,172.86,173.48,8125504
2021-12-15 13:00:00,172.43,173.44,172.3108,173.43,9650200
2021-12-15 12:00:00,173.88,173.91,172.42,172.44,9087949
2021-12-15 11:00:00,173.73,174.41,172.91,173.89,12249537
2021-12-15 10:00:00,174.53,175.8494,172.96,173.74,15068183
2021-12-15 9:00:00,175.14,175.33,173.895,174.51,589868
2021-12-15 8:00:00,174.12,175.19,174,174.57,291751
2021-12-15 7:00:00,174.16,174.24,173.81,174.11,43124
2021-12-15 6:00:00,174,174.3,173.95,174.3,14975
2021-12-15 5:00:00,174.7,174.97,173.34,173.99,43589
2021-12-14 20:00:00,174.03,174.44,173.95,174.44,58790
2021-12-14 19:00:00,173.95,174.44,173.81,174.05,84425
2021-12-14 18:00:00,174.25,174.33,173.75,173.95,5851258
2021-12-14 17:00:00,174.33,174.5,174.17,174.25,8197915
2021-12-14 16:00:00,174.52,176.56,173.77,174.34,19361879
2021-12-14 15:00:00,173.45,174.7,173.38,174.52,10045071
2021-12-14 14:00:00,173.43,174.07,173.08,173.45,8578423
2021-12-14 13:00:00,173.24,173.47,172.21,173.445,12359449
2021-12-14 12:00:00,173.35,175.3,172.39,173.255,17860599
2021-12-14 11:00:00,175.87,176.09,173.15,173.36,22121813
2021-12-14 10:00:00,174.97,177.74,174.4,175.8604,19171629
2021-12-14 9:00:00,176.64,177.42,174.58,175,1510464
2021-12-14 8:00:00,176.45,177.41,176,176.95,482930
2021-12-14 7:00:00,176.33,176.73,176.16,176.4,87217
2021-12-14 6:00:00,175.8,176.5,175.8,176.33,91606
2021-12-14 5:00:00,177.27,177.84,175.74,175.85,326805
2021-12-13 20:00:00,175.49,175.71,175.43,175.69,93598
2021-12-13 19:00:00,175.2,175.74,175.19,175.49,848498
2021-12-13 18:00:00,175.74,175.8,175.07,175.17,1148593
2021-12-13 17:00:00,175.74,175.85,175.4,175.74,5643448
2021-12-13 16:00:00,178.645,178.86,175.53,175.81,23011165
2021-12-13 15:00:00,178.16,178.779,177.79,178.65,9652720
2021-12-13 14:00:00,178.73,179.15,177.34,178.1696,10911109
2021-12-13 13:00:00,177.84,179.41,177.74,178.73,14797652
2021-12-13 12:00:00,179.7925,180,177.11,177.8517,21228974
2021-12-13 11:00:00,180.94,182.13,178.16,179.7801,32484274
2021-12-13 10:00:00,181.77,181.8293,179.76,180.95,22135501
2021-12-13 9:00:00,181.2,182.22,179.002,181.75,1397034
2021-12-13 8:00:00,181.07,181.98,181.04,181.8,588569
2021-12-13 7:00:00,181.33,181.5,181.02,181.06,76436
2021-12-13 6:00:00,181.1,181.42,180.99,181.4,62326
2021-12-13 5:00:00,180.45,181.37,180.37,181.1,144603
2021-12-10 20:00:00,179.65,179.94,179.63,179.84,118294
2021-12-10 19:00:00,179.66,179.71,179.5,179.65,80674
2021-12-10 18:00:00,179.58,179.67,179.42,179.6,1406478
2021-12-10 17:00:00,179.45,179.75,179.22,179.58,2571567
2021-12-10 16:00:00,177.831,179.63,177.67,179.5,24217125
2021-12-10 15:00:00,177.6773,177.91,177.58,177.84,9519298
2021-12-10 14:00:00,177.3,177.8199,177.045,177.6839,10471705
2021-12-10 13:00:00,176.71,177.32,176.6,177.29,11088230
2021-12-10 12:00:00,176.12,176.74,175.4,176.7,11834178
2021-12-10 11:00:00,175.18,176.99,175.09,176.14,19176407
2021-12-10 10:00:00,175.46,176.556,174.69,175.18,15521614
2021-12-10 9:00:00,174.85,175.88,174.124,175.45,1074081
2021-12-10 8:00:00,175.01,175.15,174.63,174.74,142190
2021-12-10 7:00:00,174.66,175.19,174.66,175.05,62838
2021-12-10 6:00:00,174.96,174.97,174.48,174.68,12782
2021-12-10 5:00:00,174.73,175.15,174.56,175,52466
2021-12-09 20:00:00,174.29,174.34,174.12,174.15,52353
2021-12-09 19:00:00,174.23,174.36,174.2,174.27,42916
2021-12-09 18:00:00,174.29,174.36,174.11,174.23,82723
2021-12-09 17:00:00,174.56,174.64,174.01,174.2,3368054
2021-12-09 16:00:00,175.37,175.7199,174.19,174.62,16159625
2021-12-09 15:00:00,175.65,175.96,175.16,175.36,8297787
2021-12-09 14:00:00,175.5,175.9599,175.1306,175.645,8502893
2021-12-09 13:00:00,174.725,175.815,174.48,175.5,10678371
2021-12-09 12:00:00,175.92,175.95,174.68,174.7183,12954893
2021-12-09 11:00:00,176.13,176.2,173.92,175.92,22486951
2021-12-09 10:00:00,174.73,176.75,174.55,176.11,17026060
2021-12-09 9:00:00,174.1001,174.77,173.82,174.69,936569
2021-12-09 8:00:00,173.85,174.69,173.85,174.57,228480
2021-12-09 7:00:00,173.85,173.9,173.61,173.85,40700
2021-12-09 6:00:00,174.56,174.56,173.7,173.85,81562
2021-12-09 5:00:00,175.58,175.58,174.4,174.56,48016
2021-12-08 20:00:00,174.71,174.79,174.6,174.75,86110
2021-12-08 19:00:00,174.87,174.92,174.48,174.72,118227
2021-12-08 18:00:00,175.15,175.25,174.62,174.87,166398
2021-12-08 17:00:00,175.08,175.35,174.96,175.2,3136410
2021-12-08 16:00:00,174.7729,175.28,174.05,175.01,15870766
2021-12-08 15:00:00,174.54,175.96,174.0726,174.7754,15095520
2021-12-08 14:00:00,174.28,174.82,174.035,174.54,6783482
2021-12-08 13:00:00,174.83,174.83,173.75,174.27,9318607
2021-12-08 12:00:00,173.92,174.87,173.27,174.8301,15340089
2021-12-08 11:00:00,172.68,174.4465,172,173.92,23817011
2021-12-08 10:00:00,172.09,173.46,170.7,172.7201,18539400
2021-12-08 9:00:00,172.5499,172.7398,171.55,172.091,815523
2021-12-08 8:00:00,172.48,172.74,172,172.29,366951
2021-12-08 7:00:00,172.18,173.1,172.15,172.4,139546
2021-12-08 6:00:00,172.81,172.87,171.9,172.24,67982
2021-12-08 5:00:00,172.86,173.48,172.38,172.78,149460
2021-12-07 20:00:00,172.37,172.6,172.07,172.58,204772
2021-12-07 19:00:00,172.6,172.6,172.11,172.35,162667
2021-12-07 18:00:00,172.75,173.29,171.18,172.6,2572439
2021-12-07 17:00:00,171.18,173.8799,171.02,172.8,6229107
2021-12-07 16:00:00,169.93,171.27,169.8101,171.2,20416194
2021-12-07 15:00:00,170.44,170.445,169.45,169.93,9346122
2021-12-07 14:00:00,171.1,171.14,170.321,170.45,7971534
2021-12-07 13:00:00,171.0711,171.58,170.81,171.11,9949517
2021-12-07 12:00:00,170.74,171.4773,170.48,171.0666,13065793
2021-12-07 11:00:00,170.15,171.28,169.97,170.745,19316724
2021-12-07 10:00:00,168.94,170.78,168.34,170.1552,20997830
2021-12-07 9:00:00,168.2999,169.45,164.907,168.95,772323
2021-12-07 8:00:00,168.35,168.8,168.12,168.52,331373
2021-12-07 7:00:00,168.85,168.91,168.06,168.4,96726
2021-12-07 6:00:00,168.15,168.9,168.15,168.85,76412
2021-12-07 5:00:00,168.22,168.63,166.14,168.08,127071
2021-12-06 20:00:00,165.08,165.1,164.83,165.1,64495
2021-12-06 19:00:00,165.15,165.2,165.02,165.09,27115
2021-12-06 18:00:00,165.31,165.32,165.04,165.1,724297
2021-12-06 17:00:00,165.32,165.32,164.89,165.29,4290475
2021-12-06 16:00:00,165.54,165.83,164.99,165.29,12360112
2021-12-06 15:00:00,166.195,166.5,165.29,165.55,6972537
2021-12-06 14:00:00,166.3,166.42,165.57,166.195,7371664
2021-12-06 13:00:00,165.61,166.44,165.6,166.2899,7329579
2021-12-06 12:00:00,165.99,166.24,164.9028,165.61,10281831
2021-12-06 11:00:00,167.1,167.8799,165.28,165.9999,22361686
2021-12-06 10:00:00,163.95,167.16,163.51,167.12,22375709
2021-12-06 9:00:00,162.3102,164.08,161.436,163.95,1056754
2021-12-06 8:00:00,163.13,163.65,162.02,163.51,433954
2021-12-06 7:00:00,162.09,163.2,162.09,163.2,67112
2021-12-06 6:00:00,163.18,163.8,161.84,162.12,113150
2021-12-06 5:00:00,163.29,164.25,162.8,163.2,184575
2021-12-03 20:00:00,161.38,161.56,161.2,161.25,51700
2021-12-03 19:00:00,161.55,161.56,161.37,161.37,42889
2021-12-03 18:00:00,161.3,161.84,161.2,161.43,139722
2021-12-03 17:00:00,161.84,163.95,161.2,161.3,4233070
2021-12-03 16:00:00,160.07,162.18,159.72,161.84,17950153
2021-12-03 15:00:00,159.92,160.72,159.75,160.075,10273707
2021-12-03 14:00:00,161.57,161.58,159.77,159.92,11827355
2021-12-03 13:00:00,161.01,162.41,160.51,161.59,12085369
2021-12-03 12:00:00,162.81,163.27,160.795,161.025,16557609
2021-12-03 11:00:00,163.32,163.88,161.8,162.803,19254439
2021-12-03 10:00:00,163.86,164.96,162.77,163.3,13838211
2021-12-03 9:00:00,163.17,165.4,163.12,163.9,1394035
2021-12-03 8:00:00,163.17,163.79,163.06,163.76,181684
2021-12-03 7:00:00,162.75,163.18,162.75,163.15,26865
2021-12-03 6:00:00,162.79,162.94,162,162.6,28614
2021-12-03 5:00:00,162.53,163.06,162.51,162.73,25938
2021-12-02 20:00:00,162.68,162.98,162.12,162.28,157887
2021-12-02 19:00:00,163.86,163.92,162.67,162.77,116692
2021-12-02 18:00:00,163.8799,164.1,163.76,163.95,60561
2021-12-02 17:00:00,163.76,164.18,163.44,163.85,2864787
2021-12-02 16:00:00,163.42,164.2,163.13,163.79,15810333
2021-12-02 15:00:00,163.42,163.98,162.93,163.42,11965031
2021-12-02 14:00:00,163.11,163.54,162.54,163.4198,11024726
2021-12-02 13:00:00,162.37,163.7,162.0801,163.09,15599097
2021-12-02 12:00:00,160.49,162.48,160.21,162.375,18242373
2021-12-02 11:00:00,161.37,161.37,159.03,160.4901,21599790
2021-12-02 10:00:00,159.72,161.63,157.8,161.369,27154389
2021-12-02 9:00:00,159.7801,164.359,158.5,159.73,2148638
2021-12-02 8:00:00,161.54,161.57,159.4,159.96,1059426
2021-12-02 7:00:00,162.06,162.48,161.22,161.51,246683
2021-12-02 6:00:00,161.71,162.26,161,162.1,216412
2021-12-02 5:00:00,163.2,163.45,161.61,161.71,335969
2021-12-01 20:00:00,165.75,166.3,165.5,166,169707
2021-12-01 19:00:00,165.55,165.85,164.91,165.76,266238
2021-12-01 18:00:00,164.54,165.6,164.44,165.55,194635
2021-12-01 17:00:00,164.77,165.28,164.02,164.6,4182332
2021-12-01 16:00:00,167.17,167.4488,164.53,164.67,26846321
2021-12-01 15:00:00,168.38,168.39,167.01,167.18,12829972
2021-12-01 14:00:00,169.13,169.67,167.38,168.3836,16986768
2021-12-01 13:00:00,169.27,170.3,169.06,169.12,13631612
2021-12-01 12:00:00,169.37,170.2,169.0799,169.2613,20868444
2021-12-01 11:00:00,168.27,169.5,167.1,169.37,23563281
2021-12-01 10:00:00,167.6,168.29,166.04,168.27,20380437
2021-12-01 9:00:00,168.29,168.61,164.887,167.6,3177058
2021-12-01 8:00:00,168.07,168.65,167.9,168.5,442556
2021-12-01 7:00:00,167.8,168.09,167.65,168.09,75146
2021-12-01 6:00:00,167.91,167.95,167.75,167.81,45517
2021-12-01 5:00:00,167.2,168,166.95,167.95,113620
2021-11-30 20:00:00,166.41,166.64,165.9,166.35,191754
2021-11-30 19:00:00,166.48,166.64,166.23,166.41,152968
2021-11-30 18:00:00,165.88,166.64,165.3,166.42,433773
2021-11-30 17:00:00,165.3,166.4,165.26,165.9,13582262
2021-11-30 16:00:00,164.22,165.52,163.05,165.43,27623727
2021-11-30 15:00:00,164.34,164.92,163.93,164.235,14728514
2021-11-30 14:00:00,163.59,164.37,163.13,164.34,11842725
2021-11-30 13:00:00,162.53,164.26,162.035,163.575,16251878
2021-11-30 12:00:00,162.17,163.44,161.84,162.53,22186119
2021-11-30 11:00:00,162.1,164.58,162.0089,162.15,31397970
2021-11-30 10:00:00,159.56,162.3,159.33,162.09,13478680
2021-11-30 9:00:00,159.1999,159.84,158.75,159.59,588315
2021-11-30 8:00:00,159,159.39,158.97,159.11,205995
2021-11-30 7:00:00,159.23,159.39,158.96,158.96,74096
2021-11-30 6:00:00,159.1,159.19,158.5,159.17,52447
2021-11-30 5:00:00,159.24,159.58,158.56,159.1,100692
2021-11-29 20:00:00,160.52,160.63,160.52,160.63,50822
2021-11-29 19:00:00,160.36,160.58,160.36,160.57,43618
2021-11-29 18:00:00,160.51,160.54,160.24,160.36,32265
2021-11-29 17:00:00,160.1,160.54,160.1,160.5,1892725
2021-11-29 16:00:00,160.76,160.85,159.98,160.23,16937074
2021-11-29 15:00:00,161.01,161.11,160.4,160.76,6711220
2021-11-29 14:00:00,160.53,161.19,160.45,161.01,6371401
2021-11-29 13:00:00,160.3643,160.88,160.19,160.525,8563205
2021-11-29 12:00:00,159.21,160.44,158.95,160.36,8838007
2021-11-29 11:00:00,160.23,160.53,158.7901,159.2,14587138
2021-11-29 10:00:00,159.81,160.58,159.08,160.24,14932094
2021-11-29 9:00:00,158.75,159.88,158.52,159.81,987456
2021-11-29 8:00:00,159,159.16,158.52,159.13,275884
2021-11-29 7:00:00,159.15,159.22,158.8,158.98,77292
2021-11-29 6:00:00,158.4,159.2,158.4,159.18,52894
2021-11-29 5:00:00,158.11,158.95,157.4,158.35,88556
2021-11-26 17:00:00,157.15,157.4,156.81,157.4,874429
2021-11-26 14:00:00,156.88,156.88,156.81,156.81,6556758
2021-11-26 13:00:00,158.09,158.225,156.36,156.88,20167617
2021-11-26 12:00:00,157.61,158.185,156.9,158.09,14365652
2021-11-26 11:00:00,158.74,158.97,157.43,157.6101,15923075
2021-11-26 10:00:00,158.98,160.45,158.36,158.75,13416560
2021-11-26 9:00:00,159.51,161.536,158.79,158.9599,895365
2021-11-26 8:00:00,158.75,159.76,158.58,159.36,372811
2021-11-26 7:00:00,158.49,159.37,158.32,158.99,92606
2021-11-26 6:00:00,158.16,158.84,158.16,158.49,72853
2021-11-26 5:00:00,160,160.59,157.85,158.28,277685
2021-11-24 20:00:00,161.94,162.2,161.94,162.2,41555
2021-11-24 19:00:00,162.05,162.06,161.85,161.94,30148
2021-11-24 18:00:00,161.87,162.16,161.86,162.04,44001
2021-11-24 17:00:00,161.94,161.99,161.67,161.82,3334501
2021-11-24 16:00:00,161,162.14,160.8,161.94,11211713
2021-11-24 15:00:00,160.9901,161.298,160.4905,161,6498343
2021-11-24 14:00:00,161.5,161.74,160.91,160.9987,5837908
2021-11-24 13:00:00,161.26,161.63,160.92,161.51,6069665
2021-11-24 12:00:00,161.08,161.98,160.7,161.2623,9515853
2021-11-24 11:00:00,159.96,161.115,159.64,161.09,12020905
2021-11-24 10:00:00,160.53,161.4827,159.71,159.9604,10539684
2021-11-24 9:00:00,160.92,161.19,160.25,160.5,554887
2021-11-24 8:00:00,160.98,161,160.73,160.74,115361
2021-11-24 7:00:00,160.7,161.23,160.59,160.81,25816
2021-11-24 6:00:00,161.08,161.24,160.67,160.86,11274
2021-11-24 5:00:00,161.5,161.5,160.9,161.1,45278
2021-11-23 20:00:00,161.32,161.44,161,161.25,73019
2021-11-23 19:00:00,161.3,161.47,161.3,161.31,47849
2021-11-23 18:00:00,161.36,161.45,161.22,161.31,76610
2021-11-23 17:00:00,161.41,161.76,161.27,161.36,2781695
2021-11-23 16:00:00,160.89,161.69,160.535,161.41,14300914
2021-11-23 15:00:00,160.02,160.9,159.82,160.88,11041228
2021-11-23 14:00:00,159.78,160.11,159.08,160.015,8485289
2021-11-23 13:00:00,159.82,160.61,159.43,159.781,9444187
2021-11-23 12:00:00,159.9544,160.49,159.23,159.82,13451255
2021-11-23 11:00:00,160.74,160.86,159.0601,159.96,16336928
2021-11-23 10:00:00,161.26,161.8,159.62,160.735,13395519
2021-11-23 9:00:00,161.273,161.7099,160.65,161.3,712915
2021-11-23 8:00:00,160.86,161.36,160.66,160.7,243326
2021-11-23 7:00:00,160.52,161.12,160.2,160.85,56971
2021-11-23 6:00:00,160.79,160.79,160.45,160.6,27523
2021-11-23 5:00:00,159.99,160.68,159.51,160.66,118644
2021-11-22 20:00:00,161.2501,161.5,161.05,161.5,67473
2021-11-22 19:00:00,161.11,161.5,161.1,161.38,82864
2021-11-22 18:00:00,161.3,161.45,161.02,161.11,127589
2021-11-22 17:00:00,161.02,161.3,160.52,161.25,2779840
2021-11-22 16:00:00,163.8,164,161,161.08,15900731
2021-11-22 15:00:00,163.69,164.28,163.6,163.7989,6641419
2021-11-22 14:00:00,163.945,163.98,163.33,163.68,6652771
2021-11-22 13:00:00,163.5201,164.38,163.04,163.945,12700125
2021-11-22 12:00:00,164.7,165.22,163.04,163.54,17360738
2021-11-22 11:00:00,164.67,165.7,164.52,164.7425,26491095
2021-11-22 10:00:00,161.69,164.78,161.46,164.69,19529178
2021-11-22 9:00:00,161.47,161.75,161.08,161.72,3885975
2021-11-22 8:00:00,161.07,161.67,161.06,161.52,237356
2021-11-22 7:00:00,161,161.11,160.98,161.11,42068
2021-11-22 6:00:00,161.19,161.2,160.9,160.97,55833
2021-11-22 5:00:00,161.15,161.2,160.8,161.15,84246
2021-11-19 20:00:00,160.8,161,160.71,160.99,74289
2021-11-19 19:00:00,160.9201,160.99,160.72,160.84,52436
2021-11-19 18:00:00,160.72,161,160.55,160.92,249151
2021-11-19 17:00:00,160.55,160.86,160.52,160.75,5261272
2021-11-19 16:00:00,160.515,161.02,160.1,160.56,18657833
2021-11-19 15:00:00,160.7,160.84,160.3,160.515,10171246
2021-11-19 14:00:00,160.285,160.72,159.77,160.69,11925549
2021-11-19 13:00:00,159.86,160.35,159.69,160.2866,10378119
2021-11-19 12:00:00,158.99,160.17,158.86,159.87,18326514
2021-11-19 11:00:00,158.945,159.19,158.07,158.985,15269614
2021-11-19 10:00:00,157.15,159.02,156.5328,158.945,20761391
2021-11-19 9:00:00,157.4,157.7,156.804,157.13,835824
2021-11-19 8:00:00,157.58,157.7,157.27,157.43,404622
2021-11-19 7:00:00,157.91,157.91,157.38,157.48,70552
2021-11-19 6:00:00,158.03,158.03,157.5,157.87,76568
2021-11-19 5:00:00,158.5,158.62,158.02,158.1,99081
2021-11-18 20:00:00,157.59,157.77,157.58,157.73,82552
2021-11-18 19:00:00,157.73,157.87,157.6,157.6,109809
2021-11-18 18:00:00,158.07,158.28,157.67,157.69,284907
2021-11-18 17:00:00,157.87,158.08,157.65,158.05,2842534
2021-11-18 16:00:00,157.64,158.67,157.6,157.89,21363694
2021-11-18 15:00:00,157.5,158.4,157.37,157.64,14776503
2021-11-18 14:00:00,157.215,157.77,156.7,157.5012,13700392
2021-11-18 13:00:00,154.63,157.87,154.54,157.215,32653842
2021-11-18 12:00:00,154.15,154.87,153.88,154.63,8037204
2021-11-18 11:00:00,154.415,154.58,153.56,154.16,11072678
2021-11-18 10:00:00,153.71,154.615,153.05,154.4199,23608348
2021-11-18 9:00:00,153.9,153.99,153.107,153.72,362047
2021-11-18 8:00:00,153.94,153.98,153.71,153.75,105885
2021-11-18 7:00:00,153.97,153.97,153.8,153.97,26459
2021-11-18 6:00:00,154.01,154.07,153.81,154,21144
2021-11-18 5:00:00,153.71,154.4,153.71,154.01,37167
2021-11-17 20:00:00,153.66,153.72,153.5,153.68,104406
2021-11-17 19:00:00,153.35,153.69,153.33,153.65,85287
2021-11-17 18:00:00,153.58,153.71,153.3001,153.32,158389
2021-11-17 17:00:00,153.57,153.57,153.21,153.55,3099911
2021-11-17 16:00:00,154.105,154.27,153.34,153.65,13242841
2021-11-17 15:00:00,154.295,154.545,153.78,154.11,6611795
2021-11-17 14:00:00,154.01,154.545,153.735,154.295,6704437
2021-11-17 13:00:00,154.985,155,153.77,154.005,11377626
2021-11-17 12:00:00,152.62,155,152.605,154.985,19072996
2021-11-17 11:00:00,152.08,152.78,152.0545,152.6187,10826601
2021-11-17 10:00:00,151.09,152.78,150.72,152.07,12070150
2021-11-17 9:00:00,151.0363,151.24,150.623,151.07,195437
2021-11-17 8:00:00,151.06,151.27,150.99,151.06,97882
2021-11-17 7:00:00,150.95,151.06,150.93,151.06,11442
2021-11-17 6:00:00,151,151.02,150.92,150.96,4169
2021-11-17 5:00:00,150.99,151.27,150.93,151.05,13027
2021-11-16 20:00:00,151.02,151.08,150.91,151,114297
2021-11-16 19:00:00,151.1,151.15,150.94,151.05,53692
2021-11-16 18:00:00,150.96,151.14,150.91,151.13,32075
2021-11-16 17:00:00,151,151.24,150.63,150.99,3947017
2021-11-16 16:00:00,151.03,151.25,150.805,151,7290817
2021-11-16 15:00:00,151.39,151.47,150.94,151.03,4034891
2021-11-16 14:00:00,151.14,151.47,151,151.385,4275591
2021-11-16 13:00:00,151.18,151.488,151.06,151.155,5263268
2021-11-16 12:00:00,149.675,151.37,149.6627,151.17,11240529
2021-11-16 11:00:00,149.84,149.9,149.34,149.68,6884268
2021-11-16 10:00:00,149.99,150.39,149.6,149.845,8620018
2021-11-16 9:00:00,150.08,150.25,149.625,149.99,273413
2021-11-16 8:00:00,149.98,150.24,149.98,150.13,76309
2021-11-16 7:00:00,149.67,150,149.66,149.99,8051
2021-11-16 6:00:00,149.62,149.68,149.57,149.68,7234
2021-11-16 5:00:00,149.92,149.92,149.6,149.7,11896
2021-11-15 20:00:00,149.99,150.01,149.9,150.01,97110
2021-11-15 19:00:00,149.99,150,149.97,149.99,51876
2021-11-15 18:00:00,149.98,149.99,149.95,149.97,23641
2021-11-15 17:00:00,150,150.1,149.89,149.96,4444344
2021-11-15 16:00:00,149.99,150.26,149.75,150,8123214
2021-11-15 15:00:00,149.92,150.205,149.76,149.995,3679842
2021-11-15 14:00:00,150.04,150.14,149.89,149.915,3268211
2021-11-15 13:00:00,149.77,150.2361,149.54,150.04,5117901
2021-11-15 12:00:00,150.32,150.53,149.43,149.7799,6786551
2021-11-15 11:00:00,150.96,151.01,150.25,150.33,8441453
2021-11-15 10:00:00,150.81,151.88,150.15,150.955,10202658
2021-11-15 9:00:00,150.1801,151.13,149.616,150.81,399784
2021-11-15 8:00:00,150.2,150.5,150.14,150.42,87274
2021-11-15 7:00:00,150.11,150.16,150.06,150.16,25820
2021-11-15 6:00:00,150.15,150.24,150.1,150.11,8333
2021-11-15 5:00:00,150,150.37,149.76,150.1,24876
2021-11-12 20:00:00,149.96,149.98,149.73,149.73,61456
2021-11-12 19:00:00,150,150,149.87,149.94,24201
2021-11-12 18:00:00,150,150,149.97,149.98,78011
2021-11-12 17:00:00,149.99,150.06,149.95,149.99,3585851
2021-11-12 16:00:00,149.9,150.4,149.75,149.99,9358141
2021-11-12 15:00:00,149.935,150.03,149.74,149.9,4092019
2021-11-12 14:00:00,149.575,149.96,149.292,149.94,8317016
2021-11-12 13:00:00,149.805,149.88,149.55,149.575,4444315
2021-11-12 12:00:00,148.57,150.09,148.52,149.8,12188338
2021-11-12 11:00:00,147.99,148.7779,147.77,148.57,7593675
2021-11-12 10:00:00,148.36,148.63,147.48,147.98,9082695
2021-11-12 9:00:00,148.16,148.39,147.501,148.35,208305
2021-11-12 8:00:00,148.23,148.3,148.12,148.18,55407
2021-11-12 7:00:00,148.09,148.18,148.05,148.17,9840
2021-11-12 6:00:00,148.04,148.08,148,148.05,6698
2021-11-12 5:00:00,148.26,148.32,147.95,148.01,12804
2021-11-11 20:00:00,148.05,148.29,148.05,148.25,88440
2021-11-11 19:00:00,147.9,148.05,147.88,148.03,50568
2021-11-11 18:00:00,147.92,147.98,147.8,147.9,63998
2021-11-11 17:00:00,147.87,147.95,147.8,147.9,579950
2021-11-11 16:00:00,148.06,148.15,147.76,147.87,6452350
2021-11-11 15:00:00,147.845,148.3,147.805,148.0601,4412991
2021-11-11 14:00:00,147.975,147.9752,147.681,147.845,3540524
2021-11-11 13:00:00,148.2689,148.31,147.87,147.98,4237736
2021-11-11 12:00:00,148.38,148.57,148.16,148.263,4515683
2021-11-11 11:00:00,148.68,148.68,148.17,148.375,6172638
2021-11-11 10:00:00,148.78,149.43,148.15,148.67,6751462
2021-11-11 9:00:00,148.65,148.8,147.551,148.79,272640
2021-11-11 8:00:00,148.69,148.78,148.41,148.65,110174
2021-11-11 7:00:00,148.63,148.74,148.51,148.68,10887
2021-11-11 6:00:00,148.7,148.7,148.38,148.57,23270
2021-11-11 5:00:00,148.21,148.75,148.1,148.67,47245
2021-11-10 20:00:00,147.98,148.28,147.94,148.15,66360
2021-11-10 19:00:00,148.14,148.2,147.9,147.92,42475
2021-11-10 18:00:00,147.96,148.16,147.92,148.14,56589
2021-11-10 17:00:00,147.92,148.15,147.84,147.99,2068205
2021-11-10 16:00:00,148.16,148.2975,147.85,147.92,10689314
2021-11-10 15:00:00,148.5,148.53,147.9301,148.15,7075323
2021-11-10 14:00:00,149.17,149.18,148.33,148.505,5815776
2021-11-10 13:00:00,149.07,149.19,148.795,149.18,3707216
2021-11-10 12:00:00,148.975,149.08,148.68,149.07,4830993
2021-11-10 11:00:00,149.03,149.61,148.72,148.97,8056677
2021-11-10 10:00:00,150.22,150.4,147.95,149.02,15737233
2021-11-10 9:00:00,150.29,150.5,149.96,150.21,625460
2021-11-10 8:00:00,149.95,150.37,149.94,150.28,119478
2021-11-10 7:00:00,150.13,150.19,149.83,149.94,21091
2021-11-10 6:00:00,150.18,150.18,149.92,150.04,16944
2021-11-10 5:00:00,150.72,150.72,150.16,150.29,13622
2021-11-09 20:00:00,150.49,150.67,150.46,150.65,39884
2021-11-09 19:00:00,150.64,150.81,150.5,150.5,43802
2021-11-09 18:00:00,150.51,150.67,150.5,150.66,33402
2021-11-09 17:00:00,150.81,150.9,150.33,150.5,3689030
2021-11-09 16:00:00,150.82,151.13,150.625,150.83,6970431
2021-11-09 15:00:00,150.7,150.98,150.615,150.825,3887433
2021-11-09 14:00:00,151.015,151.22,150.545,150.71,3912070
2021-11-09 13:00:00,150.875,151.24,150.5,151.0101,5518714
2021-11-09 12:00:00,150.87,151.17,150.575,150.8784,5175702
2021-11-09 11:00:00,150.95,151.2,150.15,150.865,9104650
2021-11-09 10:00:00,150.25,151.428,150.06,150.96,10136778
2021-11-09 9:00:00,150.06,150.44,149.85,150.28,1924086
2021-11-09 8:00:00,150.03,150.24,149.84,149.95,122308
2021-11-09 7:00:00,150.12,150.16,150,150.03,19454
2021-11-09 6:00:00,150.13,150.28,150.1,150.15,14260
2021-11-09 5:00:00,150.03,150.33,150.01,150.12,26150
2021-11-08 20:00:00,150.27,150.3,149.75,149.85,137466
2021-11-08 19:00:00,150.33,150.38,150.28,150.28,31462
2021-11-08 18:00:00,150.38,150.44,150.32,150.33,71344
2021-11-08 17:00:00,150.44,150.46,150.33,150.4,1753548
2021-11-08 16:00:00,150.665,150.665,150.31,150.45,6122666
2021-11-08 15:00:00,150.5819,150.8,150.51,150.665,3351387
2021-11-08 14:00:00,150.585,151.01,150.53,150.5895,3684160
2021-11-08 13:00:00,150.41,150.61,150.16,150.59,4545925
2021-11-08 12:00:00,150.76,150.889,150.345,150.4102,5348830
2021-11-08 11:00:00,150.96,151.49,150.72,150.7602,10877846
2021-11-08 10:00:00,151.21,151.65,150.7,150.9542,11736105
2021-11-08 9:00:00,151.44,151.61,150.902,151.23,3548730
2021-11-08 8:00:00,151.47,151.63,151.28,151.31,120948
2021-11-08 7:00:00,151.32,151.58,151.3,151.57,22705
2021-11-08 6:00:00,151.14,151.38,151.14,151.28,10343
2021-11-08 5:00:00,151.08,151.35,151.08,151.12,32374